call,call_ret_15m,call_ret_30m,call_ret_60m,call_ret_eod,captured_at_utc,put,put_ret_15m,put_ret_30m,put_ret_60m,put_ret_eod,spot,spy_ret_15m,spy_ret_30m,spy_ret_60m,spy_ret_eod
SPY261005C00771000,-0.3992248062015504,-0.3953488372093023,-0.3527131782945737,-0.4457364341085272,2026-10-02T15:00:04.429079+00:00,SPY261005P00771000,0.5819672131147541,0.5327868852459018,0.389344262295082,0.11885245901639346,771.04,-0.003196980701390184,-0.0029959535173271767,-0.0023085702427889654,-0.0018157294044407468
SPY261005C00770000,-0.3079847908745247,-0.16730038022813684,-0.10646387832699612,-0.26996197718631176,2026-10-02T15:05:04.306503+00:00,SPY261005P00770000,0.38996138996139007,0.10038610038610046,0.01158301158301168,-0.16988416988416985,769.955,-0.0024871583404225683,-0.0010195401029930995,-0.0006234130566071805,-0.00040911481839855934
SPY261005C00769000,-0.05323193916349798,,0.1102661596958175,-0.08745247148288973,2026-10-02T15:10:04.366327+00:00,SPY261005P00769000,0.02247191011235957,,-0.20599250936329583,-0.36704119850187267,768.985,-0.0003316059481004441,,0.0010273282313699728,0.0008517721411991364
SPY261005C00769000,0.004032258064516222,0.07661290322580643,0.10887096774193548,-0.03225806451612906,2026-10-02T15:15:04.488767+00:00,SPY261005P00769000,-0.04210526315789478,-0.1578947368421053,-0.19298245614035098,-0.40701754385964917,768.575,0.00020167192531639344,0.0008262043391991103,0.0010864261783170015,0.0013856812933024099
SPY261005C00768000,0.1565836298932384,0.06405693950177942,0.24199288256227763,0.09964412811387893,2026-10-02T15:20:04.717633+00:00,SPY261005P00768000,-0.2322097378277154,-0.17228464419475656,-0.3370786516853932,-0.4681647940074906,768.04,0.0014712775376282128,0.0007226186136140011,0.0021613457632416733,0.0020832248320399316
SPY261005C00767000,,0.17377049180327878,0.2721311475409836,0.19344262295081976,2026-10-02T15:25:04.353612+00:00,SPY261005P00767000,,-0.2751937984496124,-0.34883720930232565,-0.5852713178294574,767.21,,0.001805242371710536,0.002561228346867006,0.0031673205510875935
SPY261005C00769000,0.06799999999999998,0.192,0.04399999999999995,-0.040000000000000036,2026-10-02T15:30:05.054366+00:00,SPY261005P00769000,-0.12408759124087601,-0.2299270072992702,-0.12408759124087601,-0.3832116788321169,768.73,0.0006244064886240519,0.001196779103196155,0.00031870747856865833,0.0011837706346831123
SPY261005C00769000,-0.12592592592592602,0.08148148148148139,0.08888888888888881,-0.11111111111111122,2026-10-02T15:35:08.575676+00:00,SPY261005P00769000,0.08943089430894317,-0.13821138211382109,-0.13414634146341467,-0.3130081300813008,769.17,-0.0007475590571653923,0.0007865621384088861,0.0007475590571655033,0.0006110482728136635
SPY261005C00769000,0.11194029850746262,0.08582089552238806,-0.07835820895522387,-0.1044776119402986,2026-10-02T15:47:06.640659+00:00,SPY261005P00769000,-0.1352459016393443,-0.12295081967213108,0.0040983606557378,-0.3073770491803279,769.21,0.0005720154444168735,0.0006370171994642959,-0.00023400631817072082,0.000559015093407389
SPY261005C00769000,0.08333333333333325,0.10227272727272728,-0.06439393939393936,-0.090909090909091,2026-10-02T15:50:04.419182+00:00,SPY261005P00769000,-0.12749003984063742,-0.14741035856573692,-0.02390438247011937,-0.32669322709163345,769.01,0.0006046735413063331,0.0008972575129062577,2.6007464142274728e-05,0.0008192351204796555
SPY261005C00769000,0.23206751054852315,0.08438818565400832,0.15189873417721514,0.012658227848101184,2026-10-02T15:55:04.434716+00:00,SPY261005P00769000,-0.2118959107806691,-0.10780669144981414,-0.17843866171003717,-0.37174721189591076,768.595,0.0015352688997456454,0.0007546236964850461,0.001151451674809234,0.0013596237290118829
SPY261005C00770000,0.009132420091324209,-0.045662100456621044,-0.04109589041095884,-0.1232876712328767,2026-10-02T16:00:04.699263+00:00,SPY261005P00770000,-0.0491228070175439,0.0035087719298244864,-0.04210526315789478,-0.24561403508771934,769.26,0.0001949925902815508,-0.00037048592153499094,9.099654213140518e-05,0.0004939812287132472
SPY261005C00770000,-0.024793388429752088,-0.140495867768595,-0.049586776859504175,-0.2066115702479339,2026-10-02T16:02:46.385690+00:00,SPY261005P00770000,0.0,0.08661417322834636,-0.01968503937007867,-0.15354330708661423,769.65,6.496459429627954e-05,-0.0005197167543687931,9.095043201456932e-05,-1.2992918859255909e-05
SPY261005C00770000,0.0,-0.016949152542372895,-0.025423728813559344,-0.18644067796610167,2026-10-02T16:05:05.997030+00:00,SPY261005P00770000,-0.05576208178438658,-0.05204460966542756,-0.07434944237918205,-0.20074349442379183,769.475,0.0002924071607264267,0.00035088859287180085,0.00031839890834661766,0.00021443191786607585
SPY261005C00770000,-0.13636363636363638,-0.04132231404958681,-0.10330578512396695,-0.2066115702479339,2026-10-02T16:10:05.865541+00:00,SPY261005P00770000,0.1633466135458168,0.0159362549800797,0.03585657370517941,-0.1434262948207171,769.775,-0.0007794485401578788,-3.897242700789949e-05,-0.0003442564385697233,-0.0001753759215354922
SPY261005C00770000,-0.06306306306306311,-0.08603603603603616,-0.013513513513513624,-0.13513513513513525,2026-10-02T16:15:06.357243+00:00,SPY261005P00770000,0.014705882352941027,0.058823529411764594,-0.051470588235294164,-0.20955882352941188,769.41,-0.0002079515472894755,-0.0004938849248125043,0.00022094851899523427,0.00029893034922867656
SPY261005C00770000,-0.021097046413502223,-0.14388185654008448,-0.22362869198312235,-0.18987341772151906,2026-10-02T16:20:06.099035+00:00,SPY261005P00770000,0.0,0.1294117647058824,0.16862745098039222,-0.1568627450980392,769.7,5.846433675449347e-05,-0.0008704690139016424,-0.0012472391840977481,-7.795244900621334e-05
SPY261005C00769000,0.13953488372093018,0.031007751937984523,-0.09689922480620156,-0.06976744186046517,2026-10-02T16:25:05.905015+00:00,SPY261005P00769000,-0.13765182186234828,-0.0809716599190284,0.008097165991902841,-0.3157894736842106,769.175,0.0007410537263952133,0.0002015146098093279,-0.0005655410017225693,0.0006045438294277616
SPY261005C00769000,-0.05725190839694653,0.015267175572519097,-0.04961832061068698,-0.08396946564885505,2026-10-02T16:30:06.214640+00:00,SPY261005P00769000,-0.008097165991902841,-0.0809716599190284,-0.06477732793522273,-0.3157894736842106,768.975,7.152378165731221e-05,0.00046165349978877224,0.00016255404922138617,0.0008647875418577033
SPY261005C00769000,-0.07835820895522387,0.09701492537313425,-0.12313432835820898,-0.1044776119402986,2026-10-02T16:35:05.982729+00:00,SPY261005P00769000,0.05603448275862084,-0.1120689655172413,0.05172413793103454,-0.271551724137931,769.25,-0.0002859928501788289,0.0006109847253819023,-0.0004939876503087248,0.0005069873253169543
SPY261005C00770000,-0.11764705882352933,-0.1134453781512605,-0.17226890756302518,-0.19327731092436976,2026-10-02T16:40:06.724176+00:00,SPY261005P00770000,0.06640624999999997,0.07421874999999997,0.08984375,-0.16015625000000006,769.745,-0.0005391395851872538,-0.0005716178734516131,-0.001019818251498883,-0.00013640881071008693
SPY261005C00769000,0.007575757575757583,0.03030303030303033,-0.07196969696969695,-0.090909090909091,2026-10-02T16:45:06.169076+00:00,SPY261005P00769000,-0.061983471074380125,-0.11983471074380167,-0.0454545454545454,-0.30165289256198347,769.03,0.0003901018165741732,0.0007151866637193915,-9.102375720049238e-05,0.0007932070270340041
SPY261005C00769000,0.08984375,-0.08984375,-0.011718750000000097,-0.06250000000000006,2026-10-02T16:50:06.437440+00:00,SPY261005P00769000,-0.12500000000000003,0.004032258064516222,-0.13709677419354832,-0.3185483870967742,769.03,0.0006241629065186771,-0.0003770984226882934,0.0005331391493181847,0.0007932070270340041
SPY261005C00770000,-0.04824561403508767,-0.19298245614035078,-0.131578947368421,-0.15789473684210523,2026-10-02T16:55:05.784647+00:00,SPY261005P00770000,-0.03703703703703707,0.10370370370370363,-0.04074074074074086,-0.2037037037037038,769.48,3.898736809260228e-05,-0.0009616884129541869,-5.1983157456914064e-05,0.0002079326298278783
SPY261005C00770000,0.033018867924528225,-0.04716981132075476,-0.1367924528301887,-0.09433962264150952,2026-10-02T17:00:06.616139+00:00,SPY261005P00770000,-0.05839416058394166,0.0328467153284671,-0.05474452554744538,-0.21532846715328477,769.33,0.00032495808040766683,-0.00029896143397500907,-0.00016897820181194234,0.00040294801970541805
SPY261005C00770000,-0.05194805194805199,-0.20346320346320346,-0.2077922077922078,-0.1688311688311689,2026-10-02T17:05:06.028282+00:00,SPY261005P00770000,0.03200000000000003,0.1960000000000001,0.040000000000000036,-0.14000000000000004,769.72,-0.00018188432157151269,-0.0011042976666840731,-0.0007600166294237098,-0.00010393389804086439
SPY261005C00770000,-0.1559633027522936,-0.09633027522935787,-0.14220183486238533,-0.11926605504587164,2026-10-02T17:10:06.138153+00:00,SPY261005P00770000,0.14176245210727975,0.06896551724137936,0.0,-0.17624521072796934,769.51,-0.0010006367688528695,-0.0007147405491806369,-0.0003638679159464475,0.0001689386752607991
SPY261005C00770000,-0.15023474178403748,-0.07511737089201874,-0.17370892018779335,-0.09859154929577463,2026-10-02T17:15:06.093388+00:00,SPY261005P00770000,0.13357400722021665,0.007220216606498201,0.0,-0.2238267148014441,769.305,-0.001085395259357358,-0.0004484567239260162,-0.0005524466888944257,0.0004354579783052426
SPY261005C00770000,-0.1785714285714286,-0.11607142857142866,-0.28571428571428575,-0.14285714285714296,2026-10-02T17:20:06.048316+00:00,SPY261005P00770000,0.15444015444015458,0.0,0.11196911196911198,-0.16988416988416985,769.58,-0.0009225811481587964,-0.00018191740949602409,-0.001221445463759574,7.796460406961359e-05
SPY261005C00769000,0.025104602510460275,0.058577405857740454,-0.05020920502092055,0.004184100418409953,2026-10-02T17:25:06.161148+00:00,SPY261005P00769000,-0.07968127490039831,-0.14741035856573692,-0.1115537848605577,-0.32669322709163345,768.74,0.0002861825844888699,0.0009105809506466667,0.0002731742851940222,0.001170746936545397
SPY261005C00769000,0.06060606060606066,0.0909090909090909,-0.030303030303030234,0.0389610389610389,2026-10-02T17:30:06.149523+00:00,SPY261005P00769000,-0.1444444444444445,-0.21111111111111122,-0.17777777777777778,-0.37407407407407417,768.47,0.000637630616679985,0.0009629523598839729,0.0006766692258644014,0.001522505758194903
SPY261005C00769000,-0.019379844961240414,-0.07751937984496131,-0.15116279069767447,-0.06976744186046517,2026-10-02T17:35:05.875170+00:00,SPY261005P00769000,-0.04621848739495793,-0.09663865546218488,-0.050420168067226934,-0.28991596638655465,769.1,0.00010401768300605241,0.00013002210375767653,-0.00033805746976989237,0.0007021193602911868
SPY261005C00769000,0.0454545454545454,0.016528925619834725,0.008264462809917363,-0.008264462809917363,2026-10-02T17:40:05.991375+00:00,SPY261005P00769000,-0.14399999999999993,-0.14000000000000004,-0.17200000000000007,-0.324,768.87,0.0007413476920676842,0.0004682195949901047,0.0005137409445028496,0.0010014696892841624
SPY261005C00769000,-0.05555555555555561,-0.11904761904761897,-0.059523809523809486,-0.04761904761904766,2026-10-02T17:45:07.403946+00:00,SPY261005P00769000,-0.0732758620689655,-0.03879310344827581,-0.08620689655172403,-0.271551724137931,768.96,0.0003121098626717167,-0.00010403662089064625,0.00027309612983761333,0.0008843112775696049
SPY261005C00769000,-0.07086614173228352,-0.1574803149606299,-0.0669291338582677,-0.05511811023622052,2026-10-02T17:50:06.046315+00:00,SPY261005P00769000,-0.0701754385964911,0.03947368421052645,-0.0701754385964911,-0.2587719298245614,769.18,-5.8503861254832756e-05,-0.0007020463350581041,-1.3000858056666509e-05,0.0005980394706051051
SPY261005C00770000,-0.06499999999999995,-0.125,-0.07499999999999996,-0.040000000000000036,2026-10-02T17:55:06.514059+00:00,SPY261005P00770000,0.003846153846153764,0.019230769230769162,-0.05384615384615389,-0.17307692307692313,769.44,-0.00027292576419213344,-0.000636826783115052,-0.0001559575795383461,0.0002599292992304658
SPY261005C00769000,-0.12252964426877457,-0.11462450592885359,-0.019762845849802303,-0.05138339920948613,2026-10-02T18:00:06.197322+00:00,SPY261005P00769000,0.022935779816513676,0.018348623853211024,-0.06422018348623858,-0.22477064220183493,769.21,-0.0004290115833127661,-0.00028600772220854775,0.0001430038611043294,0.000559015093407389
SPY261005C00769000,-0.12295081967213108,-0.10245901639344263,-0.09836065573770483,-0.016393442622950834,2026-10-02T18:05:05.986934+00:00,SPY261005P00769000,0.07727272727272723,0.02727272727272709,-0.04545454545454549,-0.2318181818181819,769.2,-0.0007280291211648748,-0.00046801872074886397,-0.00024700988039527694,0.0005720228809151795
SPY261005C00769000,-0.04219409282700426,0.029535864978902888,-0.07172995780590714,0.012658227848101184,2026-10-02T18:10:05.858668+00:00,SPY261005P00769000,0.018264840182648418,-0.05479452054794525,-0.04109589041095884,-0.228310502283105,769.135,-0.00024052994597822952,0.00016902104311977695,-0.000162520233769059,0.000656581744427065
SPY261005C00769000,-0.0809716599190284,-0.01214574898785435,-0.05263157894736855,-0.02834008097166003,2026-10-02T18:15:05.488597+00:00,SPY261005P00769000,0.032407407407407336,-0.0416666666666668,-0.0416666666666668,-0.2175925925925927,769.23,-0.00036400036400030533,4.550004549996878e-05,-9.10000910001596e-05,0.0005330005330004273
SPY261005C00769000,-0.03947368421052626,0.03947368421052645,0.03508771929824565,0.052631578947368474,2026-10-02T18:20:05.694228+00:00,SPY261005P00769000,-0.008771929824561412,-0.0701754385964911,-0.14912280701754382,-0.2587719298245614,768.88,-5.20237228175402e-05,0.00037717199042752725,0.0006502965352199741,0.000988450733534485
SPY261005C00769000,0.018604651162790715,0.1534883720930233,0.11627906976744186,0.11627906976744186,2026-10-02T18:25:05.744764+00:00,SPY261005P00769000,-0.050420168067226934,-0.1428571428571428,-0.19327731092436976,-0.28991596638655465,768.64,0.00026019983347214115,0.0008846794338053243,0.0010017693588675325,0.0013009991673604837
SPY261005C00769000,0.0701754385964913,0.08771929824561413,0.03508771929824565,0.052631578947368474,2026-10-02T18:30:06.123447+00:00,SPY261005P00769000,-0.07589285714285729,-0.08928571428571436,-0.16517857142857148,-0.24553571428571438,768.95,0.0004096495220755614,0.0004811756291045466,0.0005461993627673412,0.0008973275245462986
SPY261005C00769000,0.05333333333333338,0.07555555555555553,0.1377777777777778,0.06666666666666662,2026-10-02T18:35:05.626371+00:00,SPY261005P00769000,-0.04932735426008963,-0.07623318385650221,-0.22869955156950672,-0.242152466367713,768.99,0.00023407326493196656,0.0004291343190419017,0.0009362930597276442,0.0008452645678096449
SPY261005C00769000,0.12727272727272715,0.0,0.15454545454545446,0.09090909090909077,2026-10-02T18:40:05.791588+00:00,SPY261005P00769000,-0.1013215859030837,-0.07488986784140966,-0.23348017621145375,-0.25550660792951546,768.84,0.0006243171531137293,0.00022111232506105694,0.001261640913583939,0.001040528588522882
SPY261005C00770000,-0.00537634408602151,-0.02150537634408604,0.08010752688172032,0.03225806451612894,2026-10-02T18:45:06.135645+00:00,SPY261005P00770000,-0.012048192771084435,-0.05220883534136559,-0.15662650602409642,-0.1365461847389559,769.265,7.149681839169197e-05,0.00014949334754610355,0.0004679791749266915,0.0004874783072152944
SPY261005C00769000,-0.07563025210084022,0.008403361344537823,0.008403361344537823,0.008403361344537823,2026-10-02T18:50:06.629824+00:00,SPY261005P00769000,-0.01408450704225343,-0.09859154929577463,-0.2065727699530516,-0.2065727699530516,769.17,-0.00020801643329815267,0.0003120246499472845,0.0006110482728136635,0.0006110482728136635
SPY261005C00770000,-0.10106382978723401,-0.015957446808510533,,0.02127659574468087,2026-10-02T18:55:05.683166+00:00,SPY261005P00770000,0.039370078740157514,-0.0826771653543307,,-0.15354330708661423,769.31,-0.0003899598341370325,0.00012998661137908485,,0.00042895581755075796
SPY261005C00770000,-0.02150537634408604,0.07526881720430102,,0.03225806451612894,2026-10-02T19:00:06.536031+00:00,SPY261005P00770000,-0.05976095617529878,-0.1394422310756971,,-0.1434262948207171,769.32,7.799095304927839e-05,0.0005069411948213087,,0.00041595174959696557
SPY261005C00770000,-0.010869565217391314,0.0978260869565217,,0.04347826086956513,2026-10-02T19:05:05.911855+00:00,SPY261005P00770000,-0.06349206349206354,-0.13888888888888892,,-0.1468253968253969,769.32,7.799095304927839e-05,0.0006369261165704021,,0.00041595174959696557
SPY261005C00769000,0.06787330316742077,0.14932126696832582,,0.085972850678733,2026-10-02T19:10:06.094850+00:00,SPY261005P00769000,-0.11374407582938378,-0.17535545023696675,,-0.19905213270142177,769.01,0.0004681343545598349,0.0010402985656883246,,0.0008192351204796555
SPY261005C00769000,0.004255319148936079,0.09361702127659564,,0.021276595744680774,2026-10-02T19:15:05.738363+00:00,SPY261005P00769000,-0.10096153846153845,-0.2067307692307693,,-0.18750000000000006,769.16,0.00027302511831095444,0.0006045556191169865,,0.0006240574132820864
SPY261005C00770000,0.10382513661202182,0.04918032786885238,,0.04918032786885238,2026-10-02T19:20:05.983628+00:00,SPY261005P00770000,-0.09958506224066399,-0.10788381742738598,,-0.10788381742738598,769.38,0.0005588915750343038,0.0003379344407183904,,0.0003379344407183904
SPY261005C00770000,0.08602150537634405,,,0.03225806451612894,2026-10-02T19:25:05.754373+00:00,SPY261005P00770000,-0.09205020920502101,,,-0.1004184100418411,769.41,0.0005198788682236888,,,0.00029893034922867656
SPY261005C00770000,0.07433155080213892,,,0.02673796791443841,2026-10-02T19:30:06.176762+00:00,SPY261005P00770000,-0.11764705882352933,,,-0.09663865546218488,769.37,0.0003314400093583636,,,0.00035093648049699944
SPY261005C00770000,-0.04430064708810352,,,-0.04430064708810352,2026-10-02T19:35:05.849396+00:00,SPY261005P00770000,-0.00921658986175116,,,-0.00921658986175116,769.71,-9.094334229786671e-05,,,-9.094334229786671e-05
SPY261005C00770000,,,,-0.05372104484967964,2026-10-02T19:40:06.124589+00:00,SPY261005P00770000,,,,-0.013761467889908369,769.81,,,,-0.00022083371221459647
SPY261005C00770000,,,,-0.05372104484967964,2026-10-02T19:45:06.866852+00:00,SPY261005P00770000,,,,0.014150943396226323,769.625,,,,1.949001136924977e-05
SPY261005C00770000,,,,-0.005181347150259072,2026-10-02T19:50:05.552052+00:00,SPY261005P00770000,,,,-0.04867256637168137,769.56,,,,0.0001039555070430076
SPY261005C00770000,,,,,2026-10-02T19:55:05.574830+00:00,SPY261005P00770000,,,,,769.64,,,,
