mode,date,p_conservative,call_ev,put_ev,call_symbol,put_symbol
original,2024-04-16,0.9607441020285485,7.138595741327043,,SIM-CALL-495-3D,
original,2024-04-18,0.9233987822128419,,,,
original,2024-04-19,0.9318874883031021,,,,
original,2024-04-22,0.9583441006207813,,,,
original,2024-04-23,0.9082131797190461,,,,
original,2024-05-01,0.9275056957066005,,,,
original,2024-05-02,0.9315413748405804,,,,
original,2024-07-25,0.9474358769363208,25.12212625341345,,SIM-CALL-530-3D,
original,2024-07-26,0.9378040457723429,21.43616952293376,,SIM-CALL-532-3D,
original,2024-08-02,0.9663344807396101,16.301837929428753,,SIM-CALL-525-3D,
original,2024-08-05,0.9663344807396101,15.473491347347311,,SIM-CALL-501-3D,
original,2024-08-06,0.9663344807396101,15.770701642197851,,SIM-CALL-509-3D,
original,2024-08-07,0.9663344807396101,12.796131365869122,,SIM-CALL-518-3D,
original,2024-08-08,0.9663344807396101,11.645062168680209,,SIM-CALL-514-3D,
original,2024-08-09,0.9492241062760807,11.960003949885886,,SIM-CALL-519-3D,
original,2024-09-04,0.9363205325286116,18.523041719068225,,SIM-CALL-539-3D,
original,2024-09-09,0.9663344807396101,7.96109235094327,,SIM-CALL-534-3D,
original,2024-09-12,0.9434913716143313,,,,
original,2024-10-02,0.90019760592513,,,,
original,2024-11-01,0.9060911944258515,19.95624961557053,,SIM-CALL-560-3D,
original,2024-12-19,0.9663344807396101,58.946728089421796,,SIM-CALL-580-3D,
original,2024-12-20,0.9476941902422787,40.74678828345436,,SIM-CALL-570-3D,
original,2024-12-23,0.9424403531956029,33.45917287807274,,SIM-CALL-579-3D,
original,2025-01-02,0.9039949732917743,42.05237281882094,,SIM-CALL-578-3D,
original,2025-01-03,0.9342294512795406,53.82117657156908,,SIM-CALL-576-3D,
original,2025-01-08,0.9334056282207926,71.58262257152417,,SIM-CALL-577-3D,
original,2025-01-13,0.9610896326700435,68.99264095875553,,SIM-CALL-564-3D,
original,2025-01-14,0.9151857827890081,54.19443072894013,,SIM-CALL-573-3D,
original,2025-02-03,0.9148890228720375,29.375327350507916,,SIM-CALL-581-3D,
original,2025-02-04,0.9184160450106751,23.263867979837887,,SIM-CALL-586-3D,
original,2025-02-24,0.9428897760647321,29.095881223975482,,SIM-CALL-590-3D,
original,2025-02-25,0.9276435366558324,20.063585944057582,,SIM-CALL-585-3D,
original,2025-02-26,0.9461251989855392,7.624591085662911,,SIM-CALL-584-3D,
original,2025-02-27,0.926212531285208,,,,
original,2025-02-28,0.9663344807396101,,,,
original,2025-03-03,0.9463331772927236,,,,
original,2025-03-04,0.9663344807396101,,,,
original,2025-03-05,0.9663344807396101,,,,
original,2025-03-06,0.9663344807396101,,,,
original,2025-03-07,0.9663344807396101,,,,
original,2025-03-10,0.9663344807396101,,,,
original,2025-03-11,0.9663344807396101,,,,
original,2025-03-12,0.9663344807396101,,,,
original,2025-03-13,0.9663344807396101,,,,
original,2025-03-14,0.9663344807396101,,,,
original,2025-03-17,0.9663344807396101,,,,
original,2025-03-18,0.9663344807396101,,,,
original,2025-03-19,0.9663344807396101,,,,
original,2025-03-20,0.9663344807396101,,,,
original,2025-03-21,0.9663344807396101,,,,
original,2025-03-24,0.9628829647700818,,,,
original,2025-03-25,0.9238678957989699,,,,
original,2025-03-27,0.9663344807396101,,,,
original,2025-03-28,0.9663344807396101,,,,
original,2025-03-31,0.9663344807396101,,,,
original,2025-04-01,0.9663344807396101,,,,
original,2025-04-02,0.9663344807396101,,,,
original,2025-04-03,0.9663344807396101,,,,
original,2025-04-04,0.9663344807396101,,,,
original,2025-04-07,0.9663344807396101,,,,
original,2025-04-08,0.9663344807396101,,,,
original,2025-04-09,0.9663344807396101,,,,
original,2025-04-10,0.9663344807396101,,,,
original,2025-04-11,0.9663344807396101,,,,
original,2025-04-14,0.9663344807396101,,,,
original,2025-04-15,0.9663344807396101,,,,
original,2025-04-16,0.9663344807396101,,,,
original,2025-04-17,0.9663344807396101,,,,
original,2025-04-21,0.9663344807396101,,,,
original,2025-04-22,0.9663344807396101,,,,
original,2025-04-23,0.9663344807396101,,,,
original,2025-04-24,0.9663344807396101,,,,
original,2025-04-25,0.9663344807396101,,,,
original,2025-04-28,0.9663344807396101,,,,
original,2025-04-29,0.9663344807396101,,,,
original,2025-04-30,0.9663344807396101,,,,
original,2025-05-01,0.9663344807396101,,,,
original,2025-05-02,0.9663344807396101,,,,
original,2025-05-05,0.9663344807396101,,,,
original,2025-05-06,0.9663344807396101,,,,
original,2025-05-07,0.9663344807396101,,,,
original,2025-05-08,0.9663344807396101,,,,
original,2025-05-09,0.9663344807396101,,,,
original,2025-05-12,0.9663344807396101,,,,
original,2025-05-13,0.9663344807396101,,,,
original,2025-05-14,0.9450883295718402,,,,
original,2025-05-15,0.9601925895420501,,,,
original,2025-05-16,0.9570167549385864,,,,
original,2025-05-19,0.9319975264210953,,,,
original,2025-05-20,0.9488462638968486,,,,
original,2025-05-21,0.9563082254137454,,,,
original,2025-05-22,0.9663344807396101,,,,
original,2025-05-23,0.9663344807396101,,,,
original,2025-05-27,0.9663344807396101,,,,
original,2025-05-28,0.9621537228090271,,,,
original,2025-05-29,0.9461948521181776,,,,
original,2025-05-30,0.961228617813881,,,,
original,2025-06-02,0.9663344807396101,,,,
original,2025-06-03,0.9469099119319728,,,,
original,2025-06-04,0.929379389607469,,,,
original,2025-06-06,0.9537638074691532,,,,
original,2025-06-12,0.9346422871635947,,,,
original,2025-06-13,0.912174801153141,,,,
original,2025-06-16,0.94995398058907,,,,
original,2025-06-17,0.931559616701685,,,,
original,2025-06-18,0.9460536182737593,,,,
original,2025-06-20,0.9489993105966904,,,,
original,2025-06-23,0.9655279761682057,,,,
original,2025-06-24,0.9279881856740729,,,,
original,2025-07-01,0.9116889579007809,17.119123978093302,,SIM-CALL-604-3D,
original,2025-08-04,0.9010714182984206,12.473603212669659,,SIM-CALL-613-3D,
original,2025-10-13,0.9542796332412578,18.7515675335001,,SIM-CALL-647-3D,
original,2025-11-18,0.9340324793208031,0.3112435269934184,,SIM-CALL-649-3D,
original,2025-11-19,0.9530108472035751,1.0321612238929652,,SIM-CALL-648-3D,
original,2025-11-21,0.9663344807396101,,,,
original,2025-11-24,0.9365492954297858,,,,
original,2026-02-05,0.9122207719538176,,,,
original,2026-02-13,0.9150111894714158,,,,
original,2026-02-17,0.9069542655550181,,,,
original,2026-03-02,0.9036773197451017,,,,
original,2026-03-03,0.9197282563876445,,,,
original,2026-03-04,0.9544321337495555,,,,
original,2026-03-06,0.9240194092635906,,,,
original,2026-03-09,0.9393315633159075,,,,
original,2026-03-10,0.9464633195407731,,,,
original,2026-03-13,0.9373550524642656,,,,
original,2026-03-16,0.9562400168221734,,,,
original,2026-03-19,0.9663344807396101,,,,
original,2026-03-20,0.946162668572862,,,,
original,2026-03-23,0.9663344807396101,,,,
original,2026-03-24,0.9663344807396101,,,,
original,2026-03-25,0.9465711371475228,,,,
original,2026-03-26,0.9522762230814292,,,,
original,2026-03-27,0.9663344807396101,,,,
original,2026-03-30,0.9663344807396101,,,,
original,2026-03-31,0.9663344807396101,,,,
original,2026-04-01,0.9655058932143649,,,,
original,2026-04-02,0.9364127554031139,,,,
original,2026-04-06,0.9488565791416129,,,,
original,2026-06-08,0.9543802734798515,49.92904295804989,,SIM-CALL-728-3D,
original,2026-06-10,0.9663344807396101,50.08556330342937,,SIM-CALL-719-3D,
original,2026-06-11,0.9539177145147022,48.749960601681835,,SIM-CALL-714-3D,
original,2026-06-12,0.9235978336529871,47.65382815836222,,SIM-CALL-726-3D,
original,2026-06-29,0.9314113182506414,17.652804004622723,,SIM-CALL-722-3D,
original,2026-07-30,0.9478049759039352,,,,
centered,2024-04-16,0.9607441020285485,,,,
centered,2024-04-18,0.9233987822128419,,,,
centered,2024-04-19,0.9318874883031021,,,,
centered,2024-04-22,0.9583441006207813,,,,
centered,2024-04-23,0.9082131797190461,,,,
centered,2024-05-01,0.9275056957066005,,,,
centered,2024-05-02,0.9315413748405804,,,,
centered,2024-07-25,0.9474358769363208,,,,
centered,2024-07-26,0.9378040457723429,,,,
centered,2024-08-02,0.9663344807396101,,,,
centered,2024-08-05,0.9663344807396101,,,,
centered,2024-08-06,0.9663344807396101,,,,
centered,2024-08-07,0.9663344807396101,,,,
centered,2024-08-08,0.9663344807396101,,,,
centered,2024-08-09,0.9492241062760807,,,,
centered,2024-09-04,0.9363205325286116,,,,
centered,2024-09-09,0.9663344807396101,,,,
centered,2024-09-12,0.9434913716143313,,,,
centered,2024-10-02,0.90019760592513,,,,
centered,2024-11-01,0.9060911944258515,,,,
centered,2024-12-19,0.9663344807396101,,,,
centered,2024-12-20,0.9476941902422787,,,,
centered,2024-12-23,0.9424403531956029,,,,
centered,2025-01-02,0.9039949732917743,,,,
centered,2025-01-03,0.9342294512795406,,,,
centered,2025-01-08,0.9334056282207926,,,,
centered,2025-01-13,0.9610896326700435,,,,
centered,2025-01-14,0.9151857827890081,,,,
centered,2025-02-03,0.9148890228720375,,,,
centered,2025-02-04,0.9184160450106751,,,,
centered,2025-02-24,0.9428897760647321,,,,
centered,2025-02-25,0.9276435366558324,,,,
centered,2025-02-26,0.9461251989855392,,,,
centered,2025-02-27,0.926212531285208,,,,
centered,2025-02-28,0.9663344807396101,,,,
centered,2025-03-03,0.9463331772927236,,,,
centered,2025-03-04,0.9663344807396101,,,,
centered,2025-03-05,0.9663344807396101,,,,
centered,2025-03-06,0.9663344807396101,,,,
centered,2025-03-07,0.9663344807396101,,,,
centered,2025-03-10,0.9663344807396101,,,,
centered,2025-03-11,0.9663344807396101,,,,
centered,2025-03-12,0.9663344807396101,,,,
centered,2025-03-13,0.9663344807396101,,,,
centered,2025-03-14,0.9663344807396101,,,,
centered,2025-03-17,0.9663344807396101,,,,
centered,2025-03-18,0.9663344807396101,,,,
centered,2025-03-19,0.9663344807396101,,,,
centered,2025-03-20,0.9663344807396101,,,,
centered,2025-03-21,0.9663344807396101,,,,
centered,2025-03-24,0.9628829647700818,,,,
centered,2025-03-25,0.9238678957989699,,,,
centered,2025-03-27,0.9663344807396101,,,,
centered,2025-03-28,0.9663344807396101,,,,
centered,2025-03-31,0.9663344807396101,,,,
centered,2025-04-01,0.9663344807396101,,,,
centered,2025-04-02,0.9663344807396101,,,,
centered,2025-04-03,0.9663344807396101,,,,
centered,2025-04-04,0.9663344807396101,,,,
centered,2025-04-07,0.9663344807396101,,,,
centered,2025-04-08,0.9663344807396101,,,,
centered,2025-04-09,0.9663344807396101,,,,
centered,2025-04-10,0.9663344807396101,,,,
centered,2025-04-11,0.9663344807396101,,,,
centered,2025-04-14,0.9663344807396101,,,,
centered,2025-04-15,0.9663344807396101,,,,
centered,2025-04-16,0.9663344807396101,,,,
centered,2025-04-17,0.9663344807396101,,,,
centered,2025-04-21,0.9663344807396101,,,,
centered,2025-04-22,0.9663344807396101,,,,
centered,2025-04-23,0.9663344807396101,,,,
centered,2025-04-24,0.9663344807396101,,,,
centered,2025-04-25,0.9663344807396101,,,,
centered,2025-04-28,0.9663344807396101,,,,
centered,2025-04-29,0.9663344807396101,,,,
centered,2025-04-30,0.9663344807396101,,,,
centered,2025-05-01,0.9663344807396101,,,,
centered,2025-05-02,0.9663344807396101,,,,
centered,2025-05-05,0.9663344807396101,,,,
centered,2025-05-06,0.9663344807396101,,,,
centered,2025-05-07,0.9663344807396101,,,,
centered,2025-05-08,0.9663344807396101,,,,
centered,2025-05-09,0.9663344807396101,,,,
centered,2025-05-12,0.9663344807396101,,,,
centered,2025-05-13,0.9663344807396101,,,,
centered,2025-05-14,0.9450883295718402,,,,
centered,2025-05-15,0.9601925895420501,,,,
centered,2025-05-16,0.9570167549385864,,,,
centered,2025-05-19,0.9319975264210953,,,,
centered,2025-05-20,0.9488462638968486,,,,
centered,2025-05-21,0.9563082254137454,,,,
centered,2025-05-22,0.9663344807396101,,,,
centered,2025-05-23,0.9663344807396101,,,,
centered,2025-05-27,0.9663344807396101,,,,
centered,2025-05-28,0.9621537228090271,,,,
centered,2025-05-29,0.9461948521181776,,,,
centered,2025-05-30,0.961228617813881,,,,
centered,2025-06-02,0.9663344807396101,,,,
centered,2025-06-03,0.9469099119319728,,,,
centered,2025-06-04,0.929379389607469,,,,
centered,2025-06-06,0.9537638074691532,,,,
centered,2025-06-12,0.9346422871635947,,,,
centered,2025-06-13,0.912174801153141,,,,
centered,2025-06-16,0.94995398058907,,,,
centered,2025-06-17,0.931559616701685,,,,
centered,2025-06-18,0.9460536182737593,,,,
centered,2025-06-20,0.9489993105966904,,,,
centered,2025-06-23,0.9655279761682057,,,,
centered,2025-06-24,0.9279881856740729,,,,
centered,2025-07-01,0.9116889579007809,,,,
centered,2025-08-04,0.9010714182984206,,,,
centered,2025-10-13,0.9542796332412578,,,,
centered,2025-11-18,0.9340324793208031,,,,
centered,2025-11-19,0.9530108472035751,,,,
centered,2025-11-21,0.9663344807396101,,,,
centered,2025-11-24,0.9365492954297858,,,,
centered,2026-02-05,0.9122207719538176,,,,
centered,2026-02-13,0.9150111894714158,,,,
centered,2026-02-17,0.9069542655550181,,,,
centered,2026-03-02,0.9036773197451017,,,,
centered,2026-03-03,0.9197282563876445,,,,
centered,2026-03-04,0.9544321337495555,,,,
centered,2026-03-06,0.9240194092635906,,,,
centered,2026-03-09,0.9393315633159075,,,,
centered,2026-03-10,0.9464633195407731,,,,
centered,2026-03-13,0.9373550524642656,,,,
centered,2026-03-16,0.9562400168221734,,,,
centered,2026-03-19,0.9663344807396101,,,,
centered,2026-03-20,0.946162668572862,,,,
centered,2026-03-23,0.9663344807396101,,,,
centered,2026-03-24,0.9663344807396101,,,,
centered,2026-03-25,0.9465711371475228,,,,
centered,2026-03-26,0.9522762230814292,,,,
centered,2026-03-27,0.9663344807396101,,,,
centered,2026-03-30,0.9663344807396101,,,,
centered,2026-03-31,0.9663344807396101,,,,
centered,2026-04-01,0.9655058932143649,,,,
centered,2026-04-02,0.9364127554031139,,,,
centered,2026-04-06,0.9488565791416129,,,,
centered,2026-06-08,0.9543802734798515,,,,
centered,2026-06-10,0.9663344807396101,,,,
centered,2026-06-11,0.9539177145147022,,,,
centered,2026-06-12,0.9235978336529871,,,,
centered,2026-06-29,0.9314113182506414,,,,
centered,2026-07-30,0.9478049759039352,,,,
inverted,2024-04-16,0.9607441020285485,,33.03957688939976,,SIM-PUT-515-3D
inverted,2024-04-18,0.9233987822128419,,24.083597635007465,,SIM-PUT-512-3D
inverted,2024-04-19,0.9318874883031021,,17.297035124732005,,SIM-PUT-509-3D
inverted,2024-04-22,0.9583441006207813,,11.608913476825467,,SIM-PUT-508-3D
inverted,2024-04-23,0.9082131797190461,,9.406574101106276,,SIM-PUT-512-3D
inverted,2024-05-01,0.9275056957066005,,22.02459713104972,,SIM-PUT-511-3D
inverted,2024-05-02,0.9315413748405804,,22.751993592069454,,SIM-PUT-514-3D
inverted,2024-07-25,0.9474358769363208,,52.72727804412408,,SIM-PUT-552-3D
inverted,2024-07-26,0.9378040457723429,,49.146679103097796,,SIM-PUT-553-3D
inverted,2024-08-02,0.9663344807396101,,42.94472218742226,,SIM-PUT-546-3D
inverted,2024-08-05,0.9663344807396101,,41.774362335821664,,SIM-PUT-522-3D
inverted,2024-08-06,0.9663344807396101,,42.32342850473295,,SIM-PUT-530-3D
inverted,2024-08-07,0.9663344807396101,,39.61539606761981,,SIM-PUT-539-3D
inverted,2024-08-08,0.9663344807396101,,37.96944360768552,,SIM-PUT-534-3D
inverted,2024-08-09,0.9492241062760807,,38.35527087468658,,SIM-PUT-540-3D
inverted,2024-09-04,0.9363205325286116,,46.46262056448164,,SIM-PUT-561-3D
inverted,2024-09-09,0.9663344807396101,,35.9186744834769,,SIM-PUT-556-3D
inverted,2024-09-12,0.9434913716143313,,21.524446198442888,,SIM-PUT-566-3D
inverted,2024-10-02,0.90019760592513,,19.13057555825796,,SIM-PUT-579-3D
inverted,2024-11-01,0.9060911944258515,,49.53856718071355,,SIM-PUT-583-3D
inverted,2024-12-19,0.9663344807396101,,89.10137544243761,,SIM-PUT-603-3D
inverted,2024-12-20,0.9476941902422787,,69.78491216846155,,SIM-PUT-593-3D
inverted,2024-12-23,0.9424403531956029,,63.76723294843224,,SIM-PUT-603-3D
inverted,2025-01-02,0.9039949732917743,,72.18375757957058,,SIM-PUT-601-3D
inverted,2025-01-03,0.9342294512795406,,83.42765219251187,,SIM-PUT-599-3D
inverted,2025-01-08,0.9334056282207926,,100.85044917551379,,SIM-PUT-600-3D
inverted,2025-01-13,0.9610896326700435,,98.05580611817743,,SIM-PUT-587-3D
inverted,2025-01-14,0.9151857827890081,,84.2207590392149,,SIM-PUT-596-3D
inverted,2025-02-03,0.9148890228720375,,59.21262716096054,,SIM-PUT-604-3D
inverted,2025-02-04,0.9184160450106751,,54.33611915679921,,SIM-PUT-610-3D
inverted,2025-02-24,0.9428897760647321,,59.7107639871117,,SIM-PUT-614-3D
inverted,2025-02-25,0.9276435366558324,,50.36391744051456,,SIM-PUT-609-3D
inverted,2025-02-26,0.9461251989855392,,38.04676971299218,,SIM-PUT-608-3D
inverted,2025-02-27,0.926212531285208,,27.967817452734295,,SIM-PUT-609-3D
inverted,2025-02-28,0.9663344807396101,,12.957225469120736,,SIM-PUT-597-3D
inverted,2025-03-03,0.9463331772927236,,7.578648292894595,,SIM-PUT-608-3D
inverted,2025-03-04,0.9663344807396101,,5.607131145129304,,SIM-PUT-591-3D
inverted,2025-03-05,0.9663344807396101,,1.1981262716253016,,SIM-PUT-588-3D
inverted,2025-03-06,0.9663344807396101,,,,
inverted,2025-03-07,0.9663344807396101,,,,
inverted,2025-03-10,0.9663344807396101,,,,
inverted,2025-03-11,0.9663344807396101,,,,
inverted,2025-03-12,0.9663344807396101,,,,
inverted,2025-03-13,0.9663344807396101,,,,
inverted,2025-03-14,0.9663344807396101,,,,
inverted,2025-03-17,0.9663344807396101,,,,
inverted,2025-03-18,0.9663344807396101,,,,
inverted,2025-03-19,0.9663344807396101,,,,
inverted,2025-03-20,0.9663344807396101,,,,
inverted,2025-03-21,0.9663344807396101,,,,
inverted,2025-03-24,0.9628829647700818,,,,
inverted,2025-03-25,0.9238678957989699,,,,
inverted,2025-03-27,0.9663344807396101,,,,
inverted,2025-03-28,0.9663344807396101,,,,
inverted,2025-03-31,0.9663344807396101,,,,
inverted,2025-04-01,0.9663344807396101,,,,
inverted,2025-04-02,0.9663344807396101,,,,
inverted,2025-04-03,0.9663344807396101,,,,
inverted,2025-04-04,0.9663344807396101,,,,
inverted,2025-04-07,0.9663344807396101,,,,
inverted,2025-04-08,0.9663344807396101,,,,
inverted,2025-04-09,0.9663344807396101,,,,
inverted,2025-04-10,0.9663344807396101,,,,
inverted,2025-04-11,0.9663344807396101,,,,
inverted,2025-04-14,0.9663344807396101,,,,
inverted,2025-04-15,0.9663344807396101,,,,
inverted,2025-04-16,0.9663344807396101,,,,
inverted,2025-04-17,0.9663344807396101,,,,
inverted,2025-04-21,0.9663344807396101,,,,
inverted,2025-04-22,0.9663344807396101,,,,
inverted,2025-04-23,0.9663344807396101,,,,
inverted,2025-04-24,0.9663344807396101,,,,
inverted,2025-04-25,0.9663344807396101,,,,
inverted,2025-04-28,0.9663344807396101,,,,
inverted,2025-04-29,0.9663344807396101,,,,
inverted,2025-04-30,0.9663344807396101,,,,
inverted,2025-05-01,0.9663344807396101,,,,
inverted,2025-05-02,0.9663344807396101,,,,
inverted,2025-05-05,0.9663344807396101,,2.2878161113791076,,SIM-PUT-568-3D
inverted,2025-05-06,0.9663344807396101,,0.27213599334990235,,SIM-PUT-564-3D
inverted,2025-05-07,0.9663344807396101,,,,
inverted,2025-05-08,0.9663344807396101,,,,
inverted,2025-05-09,0.9663344807396101,,,,
inverted,2025-05-12,0.9663344807396101,,,,
inverted,2025-05-13,0.9663344807396101,,3.787727884646517,,SIM-PUT-589-3D
inverted,2025-05-14,0.9450883295718402,,5.976198533025387,,SIM-PUT-600-3D
inverted,2025-05-15,0.9601925895420501,,8.435594661919076,,SIM-PUT-591-3D
inverted,2025-05-16,0.9570167549385864,,12.070450407527728,,SIM-PUT-597-3D
inverted,2025-05-19,0.9319975264210953,,14.421563581379479,,SIM-PUT-600-3D
inverted,2025-05-20,0.9488462638968486,,17.08291706153291,,SIM-PUT-605-3D
inverted,2025-05-21,0.9563082254137454,,18.733829145472065,,SIM-PUT-594-3D
inverted,2025-05-22,0.9663344807396101,,16.735913592419084,,SIM-PUT-588-3D
inverted,2025-05-23,0.9663344807396101,,9.738961818991335,,SIM-PUT-582-3D
inverted,2025-05-27,0.9663344807396101,,7.2016792349886565,,SIM-PUT-592-3D
inverted,2025-05-28,0.9621537228090271,,10.161487957266955,,SIM-PUT-597-3D
inverted,2025-05-29,0.9461948521181776,,14.48963040479499,,SIM-PUT-605-3D
inverted,2025-05-30,0.961228617813881,,22.148208441681298,,SIM-PUT-595-3D
inverted,2025-06-02,0.9663344807396101,,17.504085460734682,,SIM-PUT-594-3D
inverted,2025-06-03,0.9469099119319728,,12.077426167149124,,SIM-PUT-598-3D
inverted,2025-06-04,0.929379389607469,,8.954644648035542,,SIM-PUT-609-3D
inverted,2025-06-06,0.9537638074691532,,12.656196446159706,,SIM-PUT-611-3D
inverted,2025-06-12,0.9346422871635947,,11.532068941406358,,SIM-PUT-612-3D
inverted,2025-06-13,0.912174801153141,,13.871733798341083,,SIM-PUT-611-3D
inverted,2025-06-16,0.94995398058907,,14.876094153319887,,SIM-PUT-606-3D
inverted,2025-06-17,0.931559616701685,,18.2332610195071,,SIM-PUT-612-3D
inverted,2025-06-18,0.9460536182737593,,17.63441464016527,,SIM-PUT-604-3D
inverted,2025-06-20,0.9489993105966904,,23.52565644815322,,SIM-PUT-604-3D
inverted,2025-06-23,0.9655279761682057,,19.556452409538657,,SIM-PUT-601-3D
inverted,2025-06-24,0.9279881856740729,,19.805560678976384,,SIM-PUT-610-3D
inverted,2025-07-01,0.9116889579007809,,48.809307675225966,,SIM-PUT-629-3D
inverted,2025-08-04,0.9010714182984206,,43.861068779701085,,SIM-PUT-638-3D
inverted,2025-10-13,0.9542796332412578,,52.674237528615286,,SIM-PUT-674-3D
inverted,2025-11-18,0.9340324793208031,,33.99816003705285,,SIM-PUT-675-3D
inverted,2025-11-19,0.9530108472035751,,34.923179009644436,,SIM-PUT-674-3D
inverted,2025-11-21,0.9663344807396101,,20.079100393716956,,SIM-PUT-668-3D
inverted,2025-11-24,0.9365492954297858,,14.24840309725517,,SIM-PUT-676-3D
inverted,2026-02-05,0.9122207719538176,,13.189807496324521,,SIM-PUT-694-3D
inverted,2026-02-13,0.9150111894714158,,,,
inverted,2026-02-17,0.9069542655550181,,,,
inverted,2026-03-02,0.9036773197451017,,,,
inverted,2026-03-03,0.9197282563876445,,,,
inverted,2026-03-04,0.9544321337495555,,,,
inverted,2026-03-06,0.9240194092635906,,12.652950162328345,,SIM-PUT-687-3D
inverted,2026-03-09,0.9393315633159075,,13.83550832471555,,SIM-PUT-680-3D
inverted,2026-03-10,0.9464633195407731,,10.81516201730667,,SIM-PUT-691-3D
inverted,2026-03-13,0.9373550524642656,,1.9651075087733862,,SIM-PUT-683-3D
inverted,2026-03-16,0.9562400168221734,,1.8416654162924557,,SIM-PUT-682-3D
inverted,2026-03-19,0.9663344807396101,,4.752315761151565,,SIM-PUT-670-3D
inverted,2026-03-20,0.946162668572862,,,,
inverted,2026-03-23,0.9663344807396101,,,,
inverted,2026-03-24,0.9663344807396101,,,,
inverted,2026-03-25,0.9465711371475228,,,,
inverted,2026-03-26,0.9522762230814292,,,,
inverted,2026-03-27,0.9663344807396101,,,,
inverted,2026-03-30,0.9663344807396101,,,,
inverted,2026-03-31,0.9663344807396101,,,,
inverted,2026-04-01,0.9655058932143649,,,,
inverted,2026-04-02,0.9364127554031139,,,,
inverted,2026-04-06,0.9488565791416129,,,,
inverted,2026-06-08,0.9543802734798515,,87.70685280948422,,SIM-PUT-758-3D
inverted,2026-06-10,0.9663344807396101,,87.49371488115374,,SIM-PUT-748-3D
inverted,2026-06-11,0.9539177145147022,,85.41457770945269,,SIM-PUT-743-3D
inverted,2026-06-12,0.9235978336529871,,85.83785869497622,,SIM-PUT-756-3D
inverted,2026-06-29,0.9314113182506414,,54.71894313280016,,SIM-PUT-751-3D
inverted,2026-07-30,0.9478049759039352,,,,
