date,p_raw,p_calibrated,p_conservative,activity_pass,actual_event,actual_terminal,best_type,best_symbol,best_ev,best_p_profit,robust_survivors,positive_ev_contracts
2024-01-02,0.9045785676875654,0.852739479237406,0.7394445429998054,False,True,-0.010187440432066097,,,,,0,0
2024-01-03,0.6926777764602463,0.6936367028591014,0.45898781310078474,False,False,-0.005526505972877516,,,,,0,0
2024-01-04,0.7611777513011505,0.7395591950477015,0.5299920896078809,False,True,0.013498216612203962,,,,,0,0
2024-01-05,0.824778714604348,0.7855955360586345,0.5299920896078809,False,True,0.013919053375985646,,,,,0,0
2024-01-08,0.7204205355487295,0.7119139108353442,0.5299920896078809,False,True,0.017140173749706555,,,,,0,0
2024-01-09,0.6364009375447318,0.6574284741373343,0.45898781310078474,False,True,0.009386786455905405,,,,,0,0
2024-01-10,0.3714746852341764,0.48553516648148665,0.48553516648148665,False,False,0.0052301917033974465,,,,,0,0
2024-01-11,0.2967797512907799,0.4309344393535776,0.4309344393535776,False,True,-0.005653858234739739,,,,,0,0
2024-01-12,0.42153755098615714,0.5197483749634602,0.5,False,True,-0.011552951025533775,,,,,0,0
2024-01-16,0.41355311102097847,0.5143890071034132,0.5,False,True,0.0025669079279582174,,,,,0,0
2024-01-17,0.7026926276543981,0.7001933514796768,0.5299920896078809,False,True,0.022615035713528853,,,,,0,0
2024-01-18,0.515800101046114,0.5810888635291105,0.5,False,True,0.019700069604100312,,,,,0,0
2024-01-19,0.382465297795305,0.49317984444964996,0.49317984444964996,False,True,0.015053493289785003,,,,,0,0
2024-01-22,0.24271247117196196,0.38747573138319286,0.38747573138319286,False,False,0.00292352351731906,,,,,0,0
2024-01-23,0.1898529304443964,0.3401520016423259,0.3401520016423259,False,False,0.008264121317300921,,,,,0,0
2024-01-24,0.12878310830013953,0.27610799394391655,0.27610799394391655,False,False,-0.0006969926815767469,,,,,0,0
2024-01-25,0.16916807970829956,0.3198393615658167,0.3198393615658167,False,False,0.007733650611307041,,,,,0,0
2024-01-26,0.1901927807075336,0.34047605839743916,0.34047605839743916,False,False,0.006902068569435871,,,,,0,0
2024-01-29,0.20885616732166667,0.3578432668236941,0.3578432668236941,False,False,-0.009729341808488834,,,,,0,0
2024-01-30,0.19819355690656587,0.3480219564817996,0.3480219564817996,False,True,-0.0029551429677787677,,,,,0,0
2024-01-31,0.19660766843557417,0.3465386581705269,0.3465386581705269,False,True,0.011976906068299042,,,,,0,0
2024-02-01,0.7767887692797818,0.7504741702462564,0.5299920896078809,False,True,0.0161430074474449,,,,,0,0
2024-02-02,0.47198344048065044,0.5529453114646553,0.5,False,True,0.008842870563247951,,,,,0,0
2024-02-05,0.2821815141085603,0.419592799573158,0.419592799573158,False,False,0.008790941684052589,,,,,0,0
2024-02-06,0.2811850078797787,0.4188089255620935,0.4188089255620935,False,True,0.010029988652942246,,,,,0,0
2024-02-07,0.17917547051930044,0.32981613197517723,0.32981613197517723,False,True,0.009702282000906726,,,,,0,0
2024-02-08,0.1871952838541817,0.33760763253879694,0.33760763253879694,False,True,0.005680905733097763,,,,,0,0
2024-02-09,0.1537586286234863,0.30386498962808745,0.30386498962808745,False,True,-0.009401623734589526,,,,,0,0
2024-02-12,0.24042479757211904,0.3855401949397666,0.3855401949397666,False,True,-0.005207190311832921,,,,,0,0
2024-02-13,0.4134717639253124,0.5143342335234001,0.5,False,True,0.01544499175660241,,,,,0,0
2024-02-14,0.7836994657680123,0.7553758357874525,0.5299920896078809,False,True,0.005616168122710263,,,,,0,0
2024-02-15,0.4957275903779099,0.5682569968594677,0.5,False,False,-0.005117164029641463,,,,,0,0
2024-02-16,0.2357671960571407,0.38157161473605516,0.38157161473605516,False,True,-0.008919406435924704,,,,,0,0
2024-02-20,0.5138242709083142,0.5798295553950931,0.5,False,True,0.019578691472369902,,,,,0,0
2024-02-21,0.6815732782589536,0.686414023453808,0.45898781310078474,False,True,0.025163771436646387,,,,,0,0
2024-02-22,0.2909717509646918,0.4264531778813133,0.4264531778813133,False,True,0.0036506487837784096,,,,,0,0
2024-02-23,0.328296219234355,0.4546036581724629,0.4546036581724629,False,False,-0.004535993402191463,,,,,0,0
2024-02-26,0.23121925397306026,0.3776593134217214,0.3776593134217214,False,False,-0.004249542583958044,,,,,0,0
2024-02-27,0.29040625664087566,0.42601470694517285,0.42601470694517285,False,False,0.002861653838563294,,,,,0,0
2024-02-28,0.23829833010040263,0.38373300058710536,0.38373300058710536,False,True,0.01498946285284597,,,,,0,0
2024-02-29,0.2233039454465861,0.37075892977360675,0.37075892977360675,False,True,0.008414277700687922,,,,,0,0
2024-03-01,0.4437049515544312,0.5344659553939712,0.5,False,True,-0.0036445797927207035,,,,,0,0
2024-03-04,0.3862297945458208,0.49577959001502914,0.49577959001502914,False,True,-0.0048029051719089555,,,,,0,0
2024-03-05,0.38013567040308144,0.49156632638542075,0.49156632638542075,False,True,0.009593806653927173,,,,,0,0
2024-03-06,0.6517153475112818,0.6671962744938622,0.45898781310078474,False,True,0.0021149929500234865,,,,,0,0
2024-03-07,0.3007538501913216,0.4339780118705579,0.4339780118705579,False,False,-0.0036637175039949677,,,,,0,0
2024-03-08,0.2185692758383882,0.36657344115069423,0.36657344115069423,False,True,0.0024441814901747794,,,,,0,0
2024-03-11,0.6577507255841879,0.6710604219469726,0.45898781310078474,False,True,0.010922912646087912,,,,,0,0
2024-03-12,0.40400599052381053,0.5079360068539693,0.5,False,False,0.00278518980192044,,,,,0,0
2024-03-13,0.4309265627600425,0.5260097626230033,0.5,False,True,-0.013944762494197738,,,,,0,0
2024-03-14,0.2609008998034047,0.4025617466171073,0.4025617466171073,False,True,-0.0078536056948314,,,,,0,0
2024-03-15,0.7602419057971643,0.7389113263872329,0.5299920896078809,False,True,0.011214147077851955,,,,,0,0
2024-03-18,0.5956442375267662,0.6316111106840069,0.45898781310078474,False,True,0.014144877839691317,,,,,0,0
2024-03-19,0.563240016761976,0.6111555369830765,0.45898781310078474,False,True,0.01937889896613343,,,,,0,0
2024-03-20,0.393268035176897,0.5006158049645432,0.5,False,True,0.010925518404699908,,,,,0,0
2024-03-21,0.32545610429556016,0.4525122881218684,0.4525122881218684,False,False,-0.006896024756919972,,,,,0,0
2024-03-22,0.3157163314178601,0.4452802453716765,0.4452802453716765,False,False,-0.006549967441682236,,,,,0,0
2024-03-25,0.37144490174021705,0.48551433589351306,0.48551433589351306,False,False,0.006339159460161614,,,,,0,0
2024-03-26,0.3475646784295933,0.4685976295063597,0.4685976295063597,False,False,0.003828145987642584,,,,,0,0
2024-03-27,0.47847167272726404,0.557145766010655,0.5,False,False,0.0009392011040405546,,,,,0,0
2024-03-28,0.4153598105607551,0.5156046113036505,0.5,False,True,-0.008313425704730149,,,,,0,0
2024-04-01,0.36564168271353986,0.4814433299128462,0.4814433299128462,False,True,-0.00796242195107999,,,,,0,0
2024-04-02,0.5053112936226302,0.574394718011864,0.5,False,True,-0.009669387991430689,,,,,0,0
2024-04-03,0.5201440259152033,0.5838549186737095,0.5,False,True,0.0016128876483709753,,,,,0,0
2024-04-04,0.333117063306533,0.45813616439043875,0.45813616439043875,False,True,-0.009510532246051584,,,,,0,0
2024-04-05,0.9400942673217261,0.8895109624741975,0.7394445429998054,False,True,0.010251522166241811,,,,,0,0
2024-04-08,0.661076897453245,0.6731940209587913,0.45898781310078474,False,True,-0.009716123565210566,,,,,0,0
2024-04-09,0.3374175935006838,0.46126938882274965,0.46126938882274965,False,True,-0.004812171624516082,,,,,0,0
2024-04-10,0.7327910529908963,0.72019162814367,0.5299920896078809,False,True,-0.004966597199228651,,,,,0,0
2024-04-11,0.7363882125623561,0.7226157178415641,0.5299920896078809,False,True,-0.021641327955321032,,,,,0,0
2024-04-12,0.7560376153336962,0.7360092244038429,0.5299920896078809,False,True,-0.021326645670515898,,,,,0,0
2024-04-15,0.8608836113872421,0.8141834413784479,0.7394445429998054,False,True,-0.02851264532908926,,,,,0,0
2024-04-16,0.9885018191794648,0.9607441020285485,0.9607441020285485,True,True,-0.01067728452288974,call,SIM-CALL-495-3D,7.13859574132703,0.5,1,1
2024-04-17,0.9309954330374041,0.8794212068507031,0.7394445429998054,False,True,-0.02152821688270623,,,,,0,0
2024-04-18,0.966777306779983,0.9233987822128419,0.9233987822128419,True,True,-0.004602969014645852,,,,,0,0
2024-04-19,0.9724656118446876,0.9318874883031021,0.9318874883031021,True,True,0.012133589620374918,,,,,0,0
2024-04-22,0.9873753803681012,0.9583441006207813,0.9583441006207813,True,True,0.015687456061062477,,,,,0,0
2024-04-23,0.9555836731742947,0.9082131797190461,0.9082131797190461,True,True,0.003327621248953916,,,,,0,0
2024-04-24,0.8312096070976506,0.7905260618665936,0.5299920896078809,False,True,0.0032672641844671,,,,,0,0
2024-04-25,0.9005433339221083,0.8489323285681961,0.7394445429998054,False,True,0.021979563213784692,,,,,0,0
2024-04-26,0.9283729393291894,0.876612192274751,0.7394445429998054,False,False,-0.008214525492674096,,,,,0,0
2024-04-29,0.709205268962799,0.7044811461932166,0.5299920896078809,False,True,-0.019891819856543647,,,,,0,0
2024-04-30,0.7032812320029608,0.7005800696579638,0.5299920896078809,False,True,-0.006491845848169531,,,,,0,0
2024-05-01,0.9695816091210826,0.9275056957066005,0.9275056957066005,True,True,0.019685667557541198,,,,,0,0
2024-05-02,0.9722419093822436,0.9315413748405804,0.9315413748405804,True,True,0.024565857722327333,,,,,0,0
2024-05-03,0.7767593778807247,0.7504534192421521,0.5299920896078809,False,True,0.011923859456921537,,,,,0,0
2024-05-06,0.6873244093001853,0.6901488569118756,0.45898781310078474,False,False,0.006666342270449155,,,,,0,0
2024-05-07,0.5939053570679403,0.6305130122059773,0.45898781310078474,False,False,0.005042991015360876,,,,,0,0
2024-05-08,0.6647684655731543,0.6755655644384896,0.45898781310078474,False,True,0.010055757575757385,,,,,0,0
2024-05-09,0.5181898343059781,0.5826109872988785,0.5,False,True,0.006744808526674806,,,,,0,0
2024-05-10,0.5280301984746839,0.5888681934852741,0.5,False,False,0.0028267535454198356,,,,,0,0
2024-05-13,0.5415265493613376,0.5974265763705453,0.5,False,True,0.013748170259177295,,,,,0,0
2024-05-14,0.6211099479352771,0.6477187638162382,0.45898781310078474,False,True,0.01466849583161478,,,,,0,0
2024-05-15,0.5050987728105608,0.5742588432408904,0.5,False,True,0.0071133765715045705,,,,,0,0
2024-05-16,0.46823306003071313,0.5505111299391098,0.5,False,False,0.00032082735713734323,,,,,0,0
2024-05-17,0.42804462725750403,0.5240923605569106,0.5,False,False,0.00455636851757335,,,,,0,0
2024-05-20,0.44994406899287887,0.5385693078108607,0.5,False,False,0.0004532064355313725,,,,,0,0
2024-05-21,0.481069897657993,0.558824195863209,0.5,False,False,-0.006328994351136208,,,,,0,0
2024-05-22,0.42026748285673016,0.5188980601165245,0.5,False,True,-0.002355335305534112,,,,,0,0
2024-05-23,0.493387258034504,0.566754772168908,0.5,False,True,-0.0057790453317322354,,,,,0,0
2024-05-24,0.8607222078411343,0.814050181027384,0.7394445429998054,False,False,-0.0033152101843256787,,,,,0,0
2024-05-28,0.5502207590081012,0.6029284320938701,0.45898781310078474,False,True,-0.014462965756524504,,,,,0,0
2024-05-29,0.6908792153630959,0.6924636361639332,0.45898781310078474,False,True,0.003243726575728356,,,,,0,0
2024-05-30,0.7367922957151869,0.7228885311045246,0.5299920896078809,False,True,0.00659914935820427,,,,,0,0
2024-05-31,0.8262314510491789,0.7867039336567295,0.5299920896078809,False,True,0.009013998434008741,,,,,0,0
2024-06-03,0.8882587728610641,0.8376896397749329,0.7394445429998054,False,True,0.010585010868537914,,,,,0,0
2024-06-04,0.7509678784594989,0.732527546316788,0.5299920896078809,False,True,0.015354812978947807,,,,,0,0
2024-06-05,0.6012749738622989,0.635168035626994,0.45898781310078474,False,True,0.006066429284651287,,,,,0,0
2024-06-06,0.5869049976091569,0.626093512232029,0.45898781310078474,False,False,0.0015049541970462155,,,,,0,0
2024-06-07,0.47810565724193826,0.5569091591026107,0.5,False,False,0.006956684792799539,,,,,0,0
2024-06-10,0.6203726653636429,0.6472514700555433,0.45898781310078474,False,True,0.015058602906704133,,,,,0,0
2024-06-11,0.6304909877714449,0.6536712501502984,0.45898781310078474,False,True,0.015484571599760244,,,,,0,0
2024-06-12,0.3626720507313691,0.47935050858103917,0.47935050858103917,False,False,0.0021509346872836677,,,,,0,0
2024-06-13,0.5308629651646888,0.5906665930746244,0.5,False,False,0.007235969951391974,,,,,0,0
2024-06-14,0.5362467001324025,0.5940813444606868,0.5,False,True,0.014032428035275268,,,,,0,0
2024-06-17,0.518459269761966,0.582782536113128,0.5,False,True,0.009140801549600841,,,,,0,0
2024-06-18,0.5930569318677024,0.6299772842631,0.45898781310078474,False,False,-0.005574441641992833,,,,,0,0
2024-06-20,0.3432534795984056,0.4654949176103056,0.4654949176103056,False,True,-0.01222186831687655,,,,,0,0
2024-06-21,0.766987082794787,0.7435967396590919,0.5299920896078809,False,False,0.0007623631420383692,,,,,0,0
2024-06-24,0.7357481864488837,0.7221838206924225,0.5299920896078809,False,False,0.00223193783639819,,,,,0,0
2024-06-25,0.7287609743469197,0.71748516989774,0.5299920896078809,False,False,0.004781433326590312,,,,,0,0
2024-06-26,0.5535877713138485,0.6050572611622734,0.45898781310078474,False,True,0.0008737480110736495,,,,,0,0
2024-06-27,0.47364296462270744,0.5540209512123311,0.5,False,False,-0.0006415543946474145,,,,,0,0
2024-06-28,0.4097096856027501,0.5117972219662216,0.5,False,False,0.003408852048509825,,,,,0,0
2024-07-01,0.8334159356245685,0.7922322391513759,0.5299920896078809,False,True,0.010448363089782697,,,,,0,0
2024-07-02,0.6427802177659727,0.6614913142075615,0.45898781310078474,False,True,0.020202670393938194,,,,,0,0
2024-07-03,0.414363237797677,0.5149342993166832,0.5,False,True,0.011670067779316229,,,,,0,0
2024-07-05,0.3667209142127811,0.48220228155460976,0.48220228155460976,False,False,0.007430632328687681,,,,,0,0
2024-07-08,0.32992787861269723,0.4558016968839185,0.4558016968839185,False,True,0.010605924191950944,,,,,0,0
2024-07-09,0.28089152473141266,0.41857782115947234,0.41857782115947234,False,True,0.00011683187892619351,,,,,0,0
2024-07-10,0.2458002060853982,0.39007419867340565,0.39007419867340565,False,True,0.004989858740329867,,,,,0,0
2024-07-11,0.29190968821288577,0.4271795803491982,0.4271795803491982,False,False,0.00016030493561092207,,,,,0,0
2024-07-12,0.6075995955587141,0.6391658882161128,0.45898781310078474,False,True,0.012948117860153152,,,,,0,0
2024-07-15,0.4132635736436642,0.5141940363471111,0.5,False,False,-0.00909850937422163,,,,,0,0
2024-07-16,0.2754763933409424,0.41429342766400673,0.41429342766400673,False,True,-0.018047463407702247,,,,,0,0
2024-07-17,0.2821245372714427,0.41954801473092784,0.41954801473092784,False,True,-0.018013989016296583,,,,,0,0
2024-07-18,0.6477045276462792,0.6646332152792176,0.45898781310078474,False,True,-0.007089024543062261,,,,,0,0
2024-07-19,0.893246662037672,0.8421948302047225,0.7394445429998054,False,False,0.002380629101606857,,,,,0,0
2024-07-22,0.8706588892868495,0.8223624252185835,0.7394445429998054,False,True,-0.021266976508671376,,,,,0,0
2024-07-23,0.5660884507358918,0.6129541915782717,0.45898781310078474,False,True,-0.02937703381198331,,,,,0,0
2024-07-24,0.6111444523674945,0.641408116329146,0.45898781310078474,False,True,-0.008117711370262293,,,,,0,0
2024-07-25,0.9817665695021046,0.9474358769363208,0.9474358769363208,True,True,0.006631936747210299,call,SIM-CALL-530-3D,25.12212625341345,0.5,1,4
2024-07-26,0.9761791599171643,0.9378040457723429,0.9378040457723429,True,False,-0.000737503917989546,call,SIM-CALL-532-3D,21.43616952293379,0.5,1,3
2024-07-29,0.7517512190865289,0.7330642718590065,0.5299920896078809,False,True,0.007689913396927706,,,,,0,0
2024-07-30,0.708845696013764,0.7042438881911199,0.5299920896078809,False,True,-0.005620137299771288,,,,,0,0
2024-07-31,0.8906464457811324,0.8398365398407255,0.7394445429998054,False,True,-0.029572437905164284,,,,,0,0
2024-08-01,0.7401613372215533,0.7251671803171661,0.5299920896078809,False,True,-0.06368193416457057,,,,,0,0
2024-08-02,0.9911068934442622,0.9666660573394744,0.9663344807396101,True,True,-0.0255342977134857,call,SIM-CALL-525-3D,16.30183792942881,0.5,1,2
2024-08-05,0.9991379165478835,0.992594775983228,0.9663344807396101,True,True,0.013968992551173898,call,SIM-CALL-501-3D,15.473491347347302,0.5,1,2
2024-08-06,0.9995856819101887,0.9954015439347841,0.9663344807396101,True,True,0.021267995996612665,call,SIM-CALL-509-3D,15.77070164219784,0.5,1,2
2024-08-07,0.9938422069939277,0.9736442716530036,0.9663344807396101,True,True,0.008286979225791802,call,SIM-CALL-518-3D,12.796131365869119,0.5,1,1
2024-08-08,0.9979886930094541,0.9871763394904872,0.9663344807396101,True,True,0.017767853734875327,call,SIM-CALL-514-3D,11.645062168680248,0.5,1,1
2024-08-09,0.9827395658553848,0.9492241062760807,0.9492241062760807,True,True,0.02297971933599463,call,SIM-CALL-519-3D,11.960003949885886,0.49999999999999994,1,1
2024-08-12,0.9145612867090251,0.8624351812691445,0.7394445429998054,False,True,0.017704746219493694,,,,,0,0
2024-08-13,0.9229153687758173,0.8708926390448137,0.7394445429998054,False,True,0.030535702637979112,,,,,0,0
2024-08-14,0.8931552718423541,0.8421115762458268,0.7394445429998054,False,True,0.020756975780458653,,,,,0,0
2024-08-15,0.7387655314785593,0.7242222394809198,0.5299920896078809,False,True,0.01769863213038425,,,,,0,0
2024-08-16,0.8362336807033312,0.7944225079283468,0.5299920896078809,False,True,0.013221851421938435,,,,,0,0
2024-08-19,0.6347218689677556,0.6563603908553061,0.45898781310078474,False,True,0.010617395223073478,,,,,0,0
2024-08-20,0.628767086953476,0.6525763971323583,0.45898781310078474,False,False,-0.00518635095500386,,,,,0,0
2024-08-21,0.5993715825766959,0.6339654537458491,0.45898781310078474,False,False,0.004153528712942167,,,,,0,0
2024-08-22,0.5701872341083413,0.615541834512869,0.45898781310078474,False,True,-0.0031641069397041477,,,,,0,0
2024-08-23,0.8866118047551218,0.8362188290911654,0.7394445429998054,False,False,0.0035293697171143723,,,,,0,0
2024-08-26,0.6370645519955022,0.6578507524930352,0.45898781310078474,False,True,-0.009016204319968635,,,,,0,0
2024-08-27,0.7095152384750785,0.7046857243751287,0.5299920896078809,False,False,-0.0020555535695135907,,,,,0,0
2024-08-28,0.572707215750984,0.6171325058842533,0.45898781310078474,False,True,0.004232040556312766,,,,,0,0
2024-08-29,0.7829042871221324,0.7548094953471782,0.5299920896078809,False,True,-0.014475163760329868,,,,,0,0
2024-08-30,0.7811433756298078,0.7535575290913756,0.5299920896078809,False,True,-0.017497859589041043,,,,,0,0
2024-09-03,0.8347923530484186,0.7933005459275481,0.5299920896078809,False,True,-0.019688656942771665,,,,,0,0
2024-09-04,0.9752677797782647,0.9363205325286116,0.9363205325286116,True,True,-0.01745264153001469,call,SIM-CALL-539-3D,18.5230417190682,0.5,1,2
2024-09-05,0.942248427114032,0.8919862545752391,0.7394445429998054,False,True,-0.008275862068965467,,,,,0,0
2024-09-06,0.9224908637627145,0.8704545150623235,0.7394445429998054,False,True,-0.0022636157853110905,,,,,0,0
2024-09-09,0.9938931935684343,0.9737842471510185,0.9663344807396101,True,True,0.017533230520672793,call,SIM-CALL-534-3D,7.961092350943263,0.5,1,1
2024-09-10,0.9404068151075546,0.8898678981121051,0.7394445429998054,False,True,0.01950343293244461,,,,,0,0
2024-09-11,0.9233243094793706,0.8713155925160858,0.7394445429998054,False,True,0.02405730011481877,,,,,0,0
2024-09-12,0.9795483253155021,0.9434913716143313,0.9434913716143313,True,True,0.014024879072574326,,,,,0,0
2024-09-13,0.8347627294684137,0.7932775215671869,0.5299920896078809,False,True,0.006146039913526469,,,,,0,0
2024-09-16,0.7379560669401612,0.7236748213264378,0.5299920896078809,False,True,-0.0007120098257356045,,,,,0,0
2024-09-17,0.6494789464240686,0.6657666741166547,0.45898781310078474,False,True,0.010405053883314697,,,,,0,0
2024-09-18,0.8296928583867162,0.7893575422137752,0.5299920896078809,False,True,0.007663514927888304,,,,,0,0
2024-09-19,0.7815999152306761,0.753881830521316,0.5299920896078809,False,True,-0.0025217147660407946,,,,,0,0
2024-09-20,0.8302458619297078,0.7897831715176022,0.5299920896078809,False,False,0.0059521713098298346,,,,,0,0
2024-09-23,0.8284438362248924,0.7883979273430218,0.5299920896078809,False,False,0.0012559945192966993,,,,,0,0
2024-09-24,0.6400064081476897,0.6597237493620056,0.45898781310078474,False,False,0.0029624176132379,,,,,0,0
2024-09-25,0.6869264467424007,0.6898900197455999,0.45898781310078474,False,False,0.0004464715615124515,,,,,0,0
2024-09-26,0.5715498659966745,0.6164019782795994,0.45898781310078474,False,True,-0.0009311149013193631,,,,,0,0
2024-09-27,0.7702005903886162,0.7458422555015911,0.5299920896078809,False,True,-0.008526591107236192,,,,,0,0
2024-09-30,0.783334223823608,0.7551156271523399,0.5299920896078809,False,False,-0.0029359953024074015,,,,,0,0
2024-10-01,0.8451935105422184,0.801475368813072,0.7394445429998054,False,True,-0.009896500911175554,,,,,0,0
2024-10-02,0.949169136540572,0.90019760592513,0.90019760592513,True,False,0.009203642704902038,,,,,0,0
2024-10-03,0.8283191798393592,0.7883022845721128,0.5299920896078809,False,True,0.0007402446332263057,,,,,0,0
2024-10-04,0.8387290092867422,0.7963729972519153,0.5299920896078809,False,False,0.0014676334410763658,,,,,0,0
2024-10-07,0.7968820829192598,0.7648587642000874,0.5299920896078809,False,True,0.010170500297587814,,,,,0,0
2024-10-08,0.8624252183282612,0.815459075383273,0.7394445429998054,False,True,0.01015059343279412,,,,,0,0
2024-10-09,0.7582132055593016,0.7375092621506688,0.5299920896078809,False,True,0.011235955056179803,,,,,0,0
2024-10-10,0.6839024369239485,0.6879251313437553,0.45898781310078474,False,True,0.014920447439727536,,,,,0,0
2024-10-11,0.6680846523385837,0.6776993014530334,0.45898781310078474,False,True,0.006884218385116769,,,,,0,0
2024-10-14,0.6007502807933205,0.6348365055400983,0.45898781310078474,False,False,0.0018151630635823146,,,,,0,0
2024-10-15,0.5450915926462465,0.5996835240085193,0.5,False,True,-0.003968253968253843,,,,,0,0
2024-10-16,0.8571348312759521,0.8111025235613003,0.7394445429998054,False,True,0.008304802642358888,,,,,0,0
2024-10-17,0.5738290283026178,0.6178405766119933,0.45898781310078474,False,False,-0.00377178161213787,,,,,0,0
2024-10-18,0.6158864850178274,0.6444095762820841,0.45898781310078474,False,False,-0.0013011693403414126,,,,,0,0
2024-10-21,0.5671827527749231,0.6136451030521042,0.45898781310078474,False,True,-0.010052919114247105,,,,,0,0
2024-10-22,0.7306596809953881,0.7187590628591293,0.5299920896078809,False,True,-0.0031322605627741584,,,,,0,0
2024-10-23,0.6637536238674773,0.6749132245407297,0.45898781310078474,False,True,-0.003973714993463218,,,,,0,0
2024-10-24,0.897794994360851,0.8463731615513618,0.7394445429998054,False,False,0.0012930588600392756,,,,,0,0
2024-10-25,0.7867791180624057,0.7575751179304868,0.5299920896078809,False,False,0.00018053800324979719,,,,,0,0
2024-10-28,0.831426628108705,0.7906935482742977,0.5299920896078809,False,False,-0.004548419209776444,,,,,0,0
2024-10-29,0.6742514137526078,0.6816761141236257,0.45898781310078474,False,True,-0.019668371086373537,,,,,0,0
2024-10-30,0.6234018627427035,0.6491718569809963,0.45898781310078474,False,True,-0.017658847917150444,,,,,0,0
2024-10-31,0.7721993023520534,0.7472433990808243,0.5299920896078809,False,True,-0.00993918331885324,,,,,0,0
2024-11-01,0.9539188709769559,0.9060911944258515,0.9060911944258515,True,False,0.009505304064699294,call,SIM-CALL-560-3D,19.95624961557053,0.4906091194425852,1,2
2024-11-04,0.8617522700231147,0.814901597989512,0.7394445429998054,False,True,0.0347357179123553,,,,,0,0
2024-11-05,0.8076282234422244,0.7727308832135213,0.5299920896078809,False,True,0.04393004836335601,,,,,0,0
2024-11-06,0.4326253775972826,0.5271381927481517,0.5,False,True,0.015325345371847376,,,,,0,0
2024-11-07,0.4911108958941719,0.5652922525222223,0.5,False,True,0.00944016452858154,,,,,0,0
2024-11-08,0.2575728832754201,0.39983998202595344,0.39983998202595344,False,False,0.0010985140710428887,,,,,0,0
2024-11-11,0.26575243235793794,0.40650016446536424,0.40650016446536424,False,False,-0.0044840059342233785,,,,,0,0
2024-11-12,0.3715594616258518,0.4855944556612813,0.4855944556612813,False,False,-0.008736323394303858,,,,,0,0
2024-11-13,0.4958034062262991,0.568305638729599,0.5,False,True,-0.019534323161647715,,,,,0,0
2024-11-14,0.674375633985457,0.6817563454134885,0.45898781310078474,False,True,-0.015350363252870758,,,,,0,0
2024-11-15,0.7900008292798671,0.7598861083527948,0.5299920896078809,False,False,0.0007969884012752892,,,,,0,0
2024-11-18,0.9312184936294297,0.8796620511992278,0.7394445429998054,False,False,0.007748101373837191,,,,,0,0
2024-11-19,0.8403821598296709,0.7976709372754637,0.5299920896078809,False,True,0.01526319389814268,,,,,0,0
2024-11-20,0.746658808022137,0.7295829444911872,0.5299920896078809,False,False,0.00856988008942472,,,,,0,0
2024-11-21,0.7508005557989035,0.7324129587435336,0.5299920896078809,False,True,0.006892483990562859,,,,,0,0
2024-11-22,0.7415117243538301,0.7260825875877973,0.5299920896078809,False,True,0.011849618487763003,,,,,0,0
2024-11-25,0.4389889154611677,0.5313534779960999,0.5,False,False,-0.0013511484762048775,,,,,0,0
2024-11-26,0.6104726437250311,0.6409830855062321,0.45898781310078474,False,False,0.0061371208136067334,,,,,0,0
2024-11-27,0.3816326475716903,0.492603560245023,0.492603560245023,False,False,0.005278934221482068,,,,,0,0
2024-11-29,0.3794865427748929,0.4911160873493389,0.4911160873493389,False,False,0.007054232539523753,,,,,0,0
2024-12-02,0.3028532092063593,0.43557855452592287,0.43557855452592287,False,False,0.007670047015315262,,,,,0,0
2024-12-03,0.20500926151799462,0.35432962315893984,0.35432962315893984,False,False,0.005369127516778649,,,,,0,0
2024-12-04,0.2279328686769387,0.3748086822329859,0.3748086822329859,False,False,0.0035493776207613514,,,,,0,0
2024-12-05,0.2920490137089461,0.4272873931541511,0.4272873931541511,False,False,-0.004945240309056964,,,,,0,0
2024-12-06,0.41996047729762953,0.5186923965914431,0.5,False,False,-0.0075230052512882395,,,,,0,0
2024-12-09,0.43220112089366014,0.5268565073111403,0.5,False,False,-3.2916934116777874e-05,,,,,0,0
2024-12-10,0.6974099807094636,0.6967294955667427,0.45898781310078474,False,False,-0.0016023523192811862,,,,,0,0
2024-12-11,0.6320468383140997,0.6546597914664083,0.45898781310078474,False,False,-0.0024926952473710573,,,,,0,0
2024-12-12,0.47356612741871557,0.5539711678949095,0.5,False,False,0.00041213999571376725,,,,,0,0
2024-12-13,0.49852352031756064,0.5700498641670032,0.5,False,False,-0.0034798383771749153,,,,,0,0
2024-12-16,0.5934737013974364,0.6302404444722046,0.45898781310078474,False,True,-0.032351485148514936,,,,,0,0
2024-12-17,0.5378810344687858,0.5951171969213811,0.5,False,True,-0.029891754113012592,,,,,0,0
2024-12-18,0.6479223451943847,0.6647723137946234,0.45898781310078474,False,True,-0.021598576100004263,,,,,0,0
2024-12-19,0.9969209100899247,0.9831177928451627,0.9663344807396101,True,True,-0.003880917553753749,call,SIM-CALL-580-3D,58.9467280894218,0.593266896147922,3,9
2024-12-20,0.9819083891003338,0.9476941902422787,0.9476941902422787,True,True,0.03329494473761119,call,SIM-CALL-570-3D,40.746788283454435,0.5895388380484557,3,7
2024-12-23,0.9789407652622827,0.9424403531956029,0.9424403531956029,True,True,0.01731154864748241,call,SIM-CALL-579-3D,33.459172878072685,0.5884880706391207,2,5
2024-12-24,0.5782921931902888,0.620657492981176,0.45898781310078474,False,True,-0.0018788478636493355,,,,,0,0
2024-12-26,0.50767874883291,0.5759076758366317,0.5,False,True,-0.018708348277213904,,,,,0,0
2024-12-27,0.5198082011449119,0.5836411996829091,0.5,False,True,-0.019080455922473094,,,,,0,0
2024-12-30,0.9406722613889591,0.890171623400993,0.7394445429998054,False,True,-0.005697569603891339,,,,,0,0
2024-12-31,0.9200784903485905,0.8679823249500475,0.7394445429998054,False,True,0.0033051407650976916,,,,,0,0
2025-01-02,0.9522506086637635,0.9039949732917743,0.9039949732917743,True,True,0.010230916710497251,call,SIM-CALL-578-3D,42.05237281882089,0.5807989946583549,3,8
2025-01-03,0.9739606160459443,0.9342294512795406,0.9342294512795406,True,True,0.002025394015726656,call,SIM-CALL-576-3D,53.821176571569076,0.586845890255908,3,8
2025-01-06,0.8069077093432688,0.7721987832072744,0.5299920896078809,False,True,-0.011099831363106327,,,,,0,0
2025-01-07,0.8010344033085681,0.7678846189064924,0.5299920896078809,False,True,-0.028362918141722426,,,,,0,0
2025-01-08,0.9734384436282078,0.9334056282207926,0.9334056282207926,True,True,-0.012349663654277365,call,SIM-CALL-577-3D,71.58262257152414,0.5866811256441585,4,10
2025-01-10,0.9409980499782079,0.8905451267294593,0.7394445429998054,False,True,-0.006264188301158935,,,,,0,0
2025-01-13,0.9886606895993875,0.9610896326700435,0.9610896326700435,True,True,0.029508823120744765,call,SIM-CALL-564-3D,68.99264095875549,0.5922179265340087,5,10
2025-01-14,0.9608819924059638,0.9151857827890081,0.9151857827890081,True,True,0.01259540678372173,call,SIM-CALL-573-3D,54.194430728940134,0.5830371565578016,3,8
2025-01-15,0.9416236899727397,0.89126468785549,0.7394445429998054,False,True,0.01197148517533897,,,,,0,0
2025-01-16,0.836836146272568,0.794892485519543,0.5299920896078809,False,True,0.014914318419015027,,,,,0,0
2025-01-17,0.731077908675613,0.7190399514054884,0.5299920896078809,False,True,0.015713208811458212,,,,,0,0
2025-01-21,0.6746384054805814,0.6819260807370213,0.45898781310078474,False,True,0.014713959952729061,,,,,0,0
2025-01-22,0.4996597313336595,0.5707779050168365,0.5,False,False,0.0032842077467694075,,,,,0,0
2025-01-23,0.4926879899667783,0.5663056497301154,0.5,False,True,-0.010399643440796247,,,,,0,0
2025-01-24,0.5443675772366485,0.5992252761143947,0.5,False,True,-0.008683246008904577,,,,,0,0
2025-01-27,0.8373855663561002,0.7953216039461057,0.5299920896078809,False,True,0.011768266030059538,,,,,0,0
2025-01-28,0.9124520703538251,0.8603515547908771,0.7394445429998054,False,False,0.0067753158762129395,,,,,0,0
2025-01-29,0.8657300048256629,0.818211293553359,0.7394445429998054,False,True,-0.0031968726965538874,,,,,0,0
2025-01-30,0.7772110524519196,0.7507723997910792,0.5299920896078809,False,True,-0.010487802859105666,,,,,0,0
2025-01-31,0.7536161146639307,0.7343438610160403,0.5299920896078809,False,True,-0.009481481481481424,,,,,0,0
2025-02-03,0.9606619228443937,0.9148890228720375,0.9148890228720375,True,True,0.019628360702772962,call,SIM-CALL-581-3D,29.37532735050787,0.5829778045744075,1,3
2025-02-04,0.963245845499631,0.9184160450106751,0.9184160450106751,True,True,0.014398420440570048,call,SIM-CALL-586-3D,23.263867979837915,0.5836832090021351,1,3
2025-02-05,0.8258391493464325,0.7864043129439185,0.5299920896078809,False,True,0.00033298647242463453,,,,,0,0
2025-02-06,0.7237331345108153,0.7141219821707099,0.5299920896078809,False,False,-0.0018977210845062542,,,,,0,0
2025-02-07,0.696709013338186,0.6962707780733126,0.45898781310078474,False,True,-0.002653088128666603,,,,,0,0
2025-02-10,0.873369834665236,0.824670322668614,0.7394445429998054,False,False,-0.0012251249958610266,,,,,0,0
2025-02-11,0.6896940459465605,0.6916913427845972,0.45898781310078474,False,True,0.011832846521508511,,,,,0,0
2025-02-12,0.7717697694787371,0.7469419913894988,0.5299920896078809,False,True,0.01728094256652457,,,,,0,0
2025-02-13,0.8404629933745771,0.7977345213673748,0.5299920896078809,False,True,0.011364952273817508,,,,,0,0
2025-02-14,0.7357611948515341,0.7221925963488913,0.5299920896078809,False,False,0.0049185165754008775,,,,,0,0
2025-02-18,0.46187015849276275,0.5463703234547037,0.5,False,False,-0.0007775604246298418,,,,,0,0
2025-02-19,0.5559041995891632,0.6065213323451454,0.45898781310078474,False,True,-0.016449336535230397,,,,,0,0
2025-02-20,0.6018862507534719,0.6355542978224636,0.45898781310078474,False,True,-0.023416293292343848,,,,,0,0
2025-02-21,0.722378189030501,0.713218088908808,0.5299920896078809,False,True,-0.02605660346438121,,,,,0,0
2025-02-24,0.9792014052593496,0.9428897760647321,0.9428897760647321,True,True,-0.012499688545966392,call,SIM-CALL-590-3D,29.095881223975432,0.5885779552129464,1,4
2025-02-25,0.9696740415677249,0.9276435366558324,0.9276435366558324,True,True,-0.02026359419221946,call,SIM-CALL-585-3D,20.063585944057607,0.5855287073311666,1,2
2025-02-26,0.9810404186247985,0.9461251989855392,0.9461251989855392,True,True,-0.0035653166001140546,call,SIM-CALL-584-3D,7.624591085662902,0.4946125198985539,1,1
2025-02-27,0.9687090860576889,0.926212531285208,0.926212531285208,True,True,-0.021679399544296873,,,,,0,0
2025-02-28,0.997327142134249,0.9845902904561245,0.9663344807396101,True,True,-0.01448681153478204,,,,,0,0
2025-03-03,0.9811563739236883,0.9463331772927236,0.9463331772927236,True,True,-0.0220738703076252,,,,,0,0
2025-03-04,0.999229218688622,0.9931141655833637,0.9663344807396101,True,True,-0.012040503010125825,,,,,0,0
2025-03-05,0.999442556949934,0.9944221291704148,0.9663344807396101,True,True,-0.0015433972080117764,,,,,0,0
2025-03-06,0.9960176818944141,0.9800762626001792,0.9663344807396101,True,True,-0.02550023024057979,,,,,0,0
2025-03-07,0.9978929407168938,0.9867848776416279,0.9663344807396101,True,True,-0.02596754276105473,,,,,0,0
2025-03-10,0.9989440352005149,0.9915524602646083,0.9663344807396101,True,True,-0.015275110555154403,,,,,0,0
2025-03-11,0.9998236172460581,0.9973639850172179,0.9663344807396101,True,True,-0.013714306149087085,,,,,0,0
2025-03-12,0.999551703727881,0.9951594594806021,0.9663344807396101,True,True,0.0010494672619576484,,,,,0,0
2025-03-13,0.9992553260523678,0.993266624679496,0.9663344807396101,True,True,0.015446055211812526,,,,,0,0
2025-03-14,0.9992364062388909,0.9931559538627733,0.9663344807396101,True,True,0.008613094060741178,,,,,0,0
2025-03-17,0.997788302532584,0.9863643429911915,0.9663344807396101,True,True,0.007435835931878021,,,,,0,0
2025-03-18,0.993741234370758,0.9733683289044736,0.9663344807396101,True,True,0.0015935126330142158,,,,,0,0
2025-03-19,0.9959275201460347,0.9797872873198044,0.9663344807396101,True,True,0.0023808254712789356,,,,,0,0
2025-03-20,0.9952895584575163,0.9778055507605646,0.9663344807396101,True,True,0.019329290489846995,,,,,0,0
2025-03-21,0.9934829640766147,0.972669924611763,0.9663344807396101,True,True,0.028960497845174293,,,,,0,0
2025-03-24,0.98947171348281,0.9628829647700818,0.9628829647700818,True,False,-0.0035216202957459863,,,,,0,0
2025-03-25,0.967102529588679,0.9238678957989699,0.9238678957989699,True,True,-0.014546402502606859,,,,,0,0
2025-03-26,0.936637564023692,0.8856111202178034,0.7394445429998054,False,True,-0.03390964960318499,,,,,0,0
2025-03-27,0.9947992788392162,0.9763490649885829,0.9663344807396101,True,True,-0.013972513377469409,,,,,0,0
2025-03-28,0.9921812175591184,0.9692952123364545,0.9663344807396101,True,True,-0.007561353084236111,,,,,0,0
2025-03-31,0.9994421840702209,0.9944197025975571,0.9663344807396101,True,True,0.026917410836076572,,,,,0,0
2025-04-01,0.999232798647249,0.9931349620711111,0.9663344807396101,True,True,-0.036146739617903156,,,,,0,0
2025-04-02,0.997737067440597,0.986161054318287,0.9663344807396101,True,True,-0.08854579520069183,,,,,0,0
2025-04-03,0.9993624052292659,0.9939129082883822,0.9663344807396101,True,True,-0.07462440151890382,,,,,0,0
2025-04-04,0.9999918698473157,0.9996465865753362,0.9663344807396101,True,True,-0.05163853028798404,,,,,0,0
2025-04-07,0.9999999900796542,0.9999101658412981,0.9663344807396101,True,True,0.11001962628286388,,,,,0,0
2025-04-08,0.9999999781080973,0.9999101658412981,0.9663344807396101,True,True,0.005134591435961289,,,,,0,0
2025-04-09,0.9999999964659327,0.9999101658412981,0.9663344807396101,True,True,0.07939844760672687,,,,,0,0
2025-04-10,0.9999997034454535,0.9999101658412981,0.9663344807396101,True,True,0.012777631628396513,,,,,0,0
2025-04-11,0.9999942499920266,0.9997181789075243,0.9663344807396101,True,True,0.028012007877779688,,,,,0,0
2025-04-14,0.9997622284818818,0.9967973533709646,0.9663344807396101,True,True,-0.03368225638951927,,,,,0,0
2025-04-15,0.9993247011759347,0.9936812587534318,0.9663344807396101,True,True,-0.02470027980061873,,,,,0,0
2025-04-16,0.9994743943196556,0.9946314821239512,0.9663344807396101,True,True,-0.03326467849786974,,,,,0,0
2025-04-17,0.9999982070195221,0.999868419295367,0.9663344807396101,True,True,-0.0010994635376185835,,,,,0,0
2025-04-21,0.9999911815509274,0.9996273105469463,0.9663344807396101,True,True,0.027053473781154525,,,,,0,0
2025-04-22,0.9999981679023598,0.9998665499305419,0.9663344807396101,True,True,0.05048252527971098,,,,,0,0
2025-04-23,0.9999591480256899,0.9989852928659073,0.9663344807396101,True,True,0.018688130261818703,,,,,0,0
2025-04-24,0.9999525439257407,0.9988809723250488,0.9663344807396101,True,True,0.026793866105200292,,,,,0,0
2025-04-25,0.9997916894318903,0.9970619417780576,0.9663344807396101,True,True,0.012369363443689219,,,,,0,0
2025-04-28,0.9993314657807507,0.9937224764707051,0.9663344807396101,True,True,0.005006711896382798,,,,,0,0
2025-04-29,0.9994607721833512,0.9945413748574105,0.9663344807396101,True,True,0.017325875858550832,,,,,0,0
2025-04-30,0.9994488471354298,0.9944631502286722,0.9663344807396101,True,True,0.03475608642448802,,,,,0,0
2025-05-01,0.9994430681480154,0.9944254568021167,0.9663344807396101,True,True,0.005638728787851877,,,,,0,0
2025-05-02,0.9974530196348582,0.9850627292674703,0.9663344807396101,True,True,-0.010642065375216947,,,,,0,0
2025-05-05,0.9971320267718476,0.9838736071568825,0.9663344807396101,True,True,-0.002506221116245988,,,,,0,0
2025-05-06,0.997418853704515,0.9849336796130205,0.9663344807396101,True,True,0.012608995671538947,,,,,0,0
2025-05-07,0.998512243383021,0.9894498360333162,0.9663344807396101,True,True,0.0070332024277042215,,,,,0,0
2025-05-08,0.9976678716064319,0.9858891169540793,0.9663344807396101,True,True,0.031223464477780905,,,,,0,0
2025-05-09,0.9994047473388369,0.9941789053506315,0.9663344807396101,True,True,0.0357817437201009,,,,,0,0
2025-05-12,0.9946119489585027,0.9758060541958301,0.9663344807396101,True,True,0.010275592243862652,,,,,0,0
2025-05-13,0.9931842886323264,0.9718749513145744,0.9663344807396101,True,True,0.011911699173893453,,,,,0,0
2025-05-14,0.9804582382325931,0.9450883295718402,0.9450883295718402,True,True,0.010972560093904571,,,,,0,0
2025-05-15,0.988246509379576,0.9601925895420501,0.9601925895420501,True,True,0.01588168994842709,,,,,0,0
2025-05-16,0.9867353428360417,0.9570167549385864,0.9570167549385864,True,False,0.0027229522891403235,,,,,0,0
2025-05-19,0.9725365840818503,0.9319975264210953,0.9319975264210953,True,True,-0.008824279520530331,,,,,0,0
2025-05-20,0.982535691587062,0.9488462638968486,0.9488462638968486,True,True,-0.016936292899233818,,,,,0,0
2025-05-21,0.9863887792471956,0.9563082254137454,0.9563082254137454,True,True,-0.01593666111658565,,,,,0,0
2025-05-22,0.9992339121231092,0.9931414374099339,0.9663344807396101,True,True,0.014425346045258358,,,,,0,0
2025-05-23,0.998518518851367,0.9894786854348747,0.9663344807396101,True,True,0.02071648115025959,,,,,0,0
2025-05-27,0.9964278389002509,0.9814223416138134,0.9663344807396101,True,True,0.006586019212066363,,,,,0,0
2025-05-28,0.9891446654792452,0.9621537228090271,0.9621537228090271,True,True,-0.0038456662299793942,,,,,0,0
2025-05-29,0.9810792833064621,0.9461948521181776,0.9461948521181776,True,True,-0.0005226774574271786,,,,,0,0
2025-05-30,0.9887243567555156,0.961228617813881,0.961228617813881,True,True,0.012157022548220597,,,,,0,0
2025-06-02,0.9943392273618066,0.9750278152948403,0.9663344807396101,True,True,0.01398530012249899,,,,,0,0
2025-06-03,0.9814764854145709,0.9469099119319728,0.9469099119319728,True,True,0.0010971760376754514,,,,,0,0
2025-06-04,0.9708285929259078,0.929379389607469,0.929379389607469,True,False,0.0033334170875314317,,,,,0,0
2025-06-05,0.9338574551569319,0.8825351236785127,0.7394445429998054,False,True,0.0029615500451760646,,,,,0,0
2025-06-06,0.9851163318944532,0.9537638074691532,0.9537638074691532,True,False,0.007483879589722964,,,,,0,0
2025-06-09,0.9470752205903029,0.8976690116126267,0.7394445429998054,False,False,0.0030679449770738554,,,,,0,0
2025-06-10,0.8801169502725584,0.8304951544389486,0.7394445429998054,False,False,0.005638518493841005,,,,,0,0
2025-06-11,0.943952720451533,0.8939705450497103,0.7394445429998054,False,True,-0.012248005561256492,,,,,0,0
2025-06-12,0.9742207636075748,0.9346422871635947,0.9346422871635947,True,False,0.004474850838305455,,,,,0,0
2025-06-13,0.9586266127728809,0.912174801153141,0.912174801153141,True,False,-0.0015704881879238242,,,,,0,0
2025-06-16,0.9831307740077009,0.94995398058907,0.94995398058907,True,False,-0.004846526655896577,,,,,0,0
2025-06-17,0.9722537172563686,0.931559616701685,0.931559616701685,True,True,-0.010062976908467025,,,,,0,0
2025-06-18,0.9810004463280216,0.9460536182737593,0.9460536182737593,True,True,0.002799107627777353,,,,,0,0
2025-06-20,0.9826183827558385,0.9489993105966904,0.9489993105966904,True,True,0.013979294267068898,,,,,0,0
2025-06-23,0.9906259253549154,0.9655279761682057,0.9655279761682057,True,True,0.020384156485791616,,,,,0,0
2025-06-24,0.9699046709764177,0.9279881856740729,0.9279881856740729,True,True,0.01255119348032907,,,,,0,0
2025-06-25,0.9260536995416657,0.8741614664148777,0.7394445429998054,False,True,0.011383263969995783,,,,,0,0
2025-06-26,0.9128408849132337,0.8607341751567251,0.7394445429998054,False,True,0.014465863190043171,,,,,0,0
2025-06-27,0.9241775207810156,0.872200891951791,0.7394445429998054,False,True,0.007741946010328071,,,,,0,0
2025-06-30,0.9328653698724828,0.8814498290728504,0.7394445429998054,False,False,0.004899578879170585,,,,,0,0
2025-07-01,0.9582580294420749,0.9116889579007809,0.9116889579007809,True,True,0.014625361983792828,call,SIM-CALL-604-3D,17.119123978093356,0.4911688957900781,2,3
2025-07-02,0.8685694084203439,0.8205957079496778,0.7394445429998054,False,True,0.00599394125937569,,,,,0,0
2025-07-03,0.6359978014552422,0.6571719858643122,0.45898781310078474,False,False,-0.003510209327357239,,,,,0,0
2025-07-07,0.5428436362750401,0.5982605542914526,0.5,False,False,0.0011310220910270008,,,,,0,0
2025-07-08,0.7426063992820283,0.7268255383790204,0.5299920896078809,False,False,0.0075085708767244075,,,,,0,0
2025-07-09,0.6165441667452931,0.6448260509160135,0.45898781310078474,False,False,0.0014613074687264138,,,,,0,0
2025-07-10,0.44009103769347735,0.5320817114491533,0.5,False,False,0.0007849796546088861,,,,,0,0
2025-07-11,0.46566647992054916,0.5488425627604858,0.5,False,False,-0.0008671494869364471,,,,,0,0
2025-07-14,0.5647318431754961,0.6120976010957038,0.45898781310078474,False,False,0.001765281722915013,,,,,0,0
2025-07-15,0.3391245707294845,0.46250843525677376,0.46250843525677376,False,True,0.0007170971905725576,,,,,0,0
2025-07-16,0.5184626328077195,0.5827846772715684,0.5,False,False,0.0062208398133747345,,,,,0,0
2025-07-17,0.5952647048733261,0.6313714243749066,0.45898781310078474,False,True,0.007063685289595112,,,,,0,0
2025-07-18,0.28356537826394895,0.42067926746070233,0.42067926746070233,False,False,-0.0007469209376241848,,,,,0,0
2025-07-21,0.24862077283303388,0.3924340706962323,0.3924340706962323,False,False,0.008588332591131786,,,,,0,0
2025-07-22,0.28899495487518495,0.42491872050853724,0.42491872050853724,False,True,0.008768234031559352,,,,,0,0
2025-07-23,0.28513232762544083,0.42190653868475936,0.42190653868475936,False,False,0.008677201760775244,,,,,0,0
2025-07-24,0.2875166312578341,0.4237680688240965,0.4237680688240965,False,False,0.0036873040134886015,,,,,0,0
2025-07-25,0.26020247630926735,0.401991927146869,0.401991927146869,False,False,0.0002046825059436319,,,,,0,0
2025-07-28,0.2713889109471849,0.4110334698554656,0.4110334698554656,False,False,-0.0045571129395340915,,,,,0,0
2025-07-29,0.27887184495238093,0.4169843830931323,0.4169843830931323,False,True,-0.010104174825722678,,,,,0,0
2025-07-30,0.3735199476175651,0.4869641168974233,0.4869641168974233,False,True,-0.022421383647798776,,,,,0,0
2025-07-31,0.5338381297191297,0.5925541451467045,0.5,False,True,-0.013120445375785827,,,,,0,0
2025-08-01,0.8586693718107226,0.8123601178859644,0.7394445429998054,False,True,0.0027062411188989444,,,,,0,0
2025-08-04,0.9498849515893211,0.9010714182984206,0.9010714182984206,True,True,0.011155149268043285,call,SIM-CALL-613-3D,12.473603212669701,0.49010714182984205,2,2
2025-08-05,0.521110879888632,0.5844701139007049,0.5,False,False,0.0009021985153294665,,,,,0,0
2025-08-06,0.5490124248421684,0.6021642148792471,0.45898781310078474,False,True,0.013035322544749484,,,,,0,0
2025-08-07,0.3613815775607017,0.47843898802567314,0.47843898802567314,False,True,-0.0006208202686029951,,,,,0,0
2025-08-08,0.567823903923049,0.6140498872234513,0.45898781310078474,False,True,0.01343615461039871,,,,,0,0
2025-08-11,0.2782344085043957,0.4164803667551416,0.4164803667551416,False,True,0.011623347084751545,,,,,0,0
2025-08-12,0.4016463863131874,0.5063332494878474,0.5,False,True,0.010355794388130724,,,,,0,0
2025-08-13,0.34450616152197233,0.46639808174684283,0.46639808174684283,False,False,-0.0020934451905035845,,,,,0,0
2025-08-14,0.3647252840644134,0.480798209920723,0.480798209920723,False,False,0.0006300511041452683,,,,,0,0
2025-08-15,0.2878413244109454,0.42402102424059224,0.42402102424059224,False,True,-0.009766894715660945,,,,,0,0
2025-08-18,0.45217652578146134,0.540033734306038,0.5,False,True,-0.007676692255640938,,,,,0,0
2025-08-19,0.2925312251551576,0.4276603580536888,0.4276603580536888,False,True,-0.011700134493240366,,,,,0,0
2025-08-20,0.6453711255371458,0.663143762350612,0.45898781310078474,False,True,0.009258824817403921,,,,,0,0
2025-08-21,0.8084686036754295,0.7733523116531261,0.5299920896078809,False,True,0.009949388576278473,,,,,0,0
2025-08-22,0.5744016941159205,0.6182020261156032,0.45898781310078474,False,True,0.011611041857766624,,,,,0,0
2025-08-25,0.5743019843041447,0.6181390926352381,0.45898781310078474,False,False,0.0040372043912362265,,,,,0,0
2025-08-26,0.3424152605476225,0.4648898226756256,0.4648898226756256,False,True,0.010652546332347024,,,,,0,0
2025-08-27,0.31039485903112923,0.4412881137406204,0.4412881137406204,False,False,0.0007369425417536046,,,,,0,0
2025-08-28,0.2575133308860434,0.3997911260896949,0.3997911260896949,False,True,-0.010453284711008815,,,,,0,0
2025-08-29,0.3605191748248918,0.4778291258757558,0.4778291258757558,False,True,-0.005946359206431384,,,,,0,0
2025-09-02,0.782970426283517,0.7548565772852466,0.5299920896078809,False,True,0.01807058823529406,,,,,0,0
2025-09-03,0.6542469987271261,0.6688160557414611,0.45898781310078474,False,True,0.006907495566134791,,,,,0,0
2025-09-04,0.566660786575867,0.6133155540053697,0.45898781310078474,False,True,0.0067501512964947,,,,,0,0
2025-09-05,0.45355669451199526,0.540938105952042,0.5,False,True,-0.0018343554044408794,,,,,0,0
2025-09-08,0.7009140588089448,0.699025763047892,0.45898781310078474,False,False,0.005603989855776259,,,,,0,0
2025-09-09,0.4390249517408186,0.5313772975486818,0.5,False,True,0.013259983511699547,,,,,0,0
2025-09-10,0.3259798664028418,0.45289855062389267,0.45289855062389267,False,False,0.005982023331420949,,,,,0,0
2025-09-11,0.4044447265304496,0.5082336658923527,0.5,False,True,0.010087886893389353,,,,,0,0
2025-09-12,0.509019090665987,0.5767637060755856,0.5,False,False,0.0035584482732400335,,,,,0,0
2025-09-15,0.3656706880225564,0.4814637386823902,0.4814637386823902,False,False,-0.00033354558961762315,,,,,0,0
2025-09-16,0.24106033753655526,0.38607880192451866,0.38607880192451866,False,True,0.0011943096436723977,,,,,0,0
2025-09-17,0.2750179457349661,0.41392892219602057,0.41392892219602057,False,False,0.005302708926731681,,,,,0,0
2025-09-18,0.483862285305885,0.5606258207153488,0.5,False,False,0.007357606889258239,,,,,0,0
2025-09-19,0.4479147906869407,0.5372364349840413,0.5,False,False,0.0014419338522282388,,,,,0,0
2025-09-22,0.4846542229019071,0.5611363604309482,0.5,False,False,-0.0017215082828709871,,,,,0,0
2025-09-23,0.4268825060890349,0.523318064702673,0.5,False,True,-0.013408726171013852,,,,,0,0
2025-09-24,0.5300969592757561,0.5901804068992033,0.5,False,True,-0.004070852395858471,,,,,0,0
2025-09-25,0.619279083219067,0.6465584811737777,0.45898781310078474,False,True,0.008693934005137294,,,,,0,0
2025-09-26,0.6141685046837764,0.6433219036175951,0.45898781310078474,False,True,0.009939272636295238,,,,,0,0
2025-09-29,0.43687950355176064,0.5299581861866021,0.5,False,False,0.0062615239887111596,,,,,0,0
2025-09-30,0.5066110346074292,0.5752254882014008,0.5,False,True,0.009413042494456292,,,,,0,0
2025-10-01,0.4739109466177344,0.5541945636655998,0.5,False,True,0.009069730622215166,,,,,0,0
2025-10-02,0.3534543859433088,0.47281136850230693,0.47281136850230693,False,False,0.0016854225861542282,,,,,0,0
2025-10-03,0.3521651187913122,0.47189139460049245,0.47189139460049245,False,False,-0.0012910351415288401,,,,,0,0
2025-10-06,0.4112407654980043,0.5128306506243575,0.5,False,False,0.0021366089707797187,,,,,0,0
2025-10-07,0.3321688716663078,0.45744307643395005,0.45744307643395005,False,False,-0.0020221544866551033,,,,,0,0
2025-10-08,0.4952684000890749,0.5679623590517439,0.5,False,True,-0.025377264894783536,,,,,0,0
2025-10-09,0.2991472136665609,0.43274974798687493,0.43274974798687493,False,True,-0.01552292433780722,,,,,0,0
2025-10-10,0.3953361397714402,0.502031011067439,0.5,False,True,-0.014714086990158304,,,,,0,0
2025-10-13,0.9853777970952285,0.9542796332412578,0.9542796332412578,True,True,0.006636950483960069,call,SIM-CALL-647-3D,18.751567533500026,0.49542796332412575,2,3
2025-10-14,0.7670381191656613,0.7436323340055242,0.5299920896078809,False,True,0.005508468128490263,,,,,0,0
2025-10-15,0.7228336083015903,0.7135217884704311,0.5299920896078809,False,True,-0.0037118968167673128,,,,,0,0
2025-10-16,0.7664487467120993,0.7432214205919009,0.5299920896078809,False,True,0.006650820667781332,,,,,0,0
2025-10-17,0.9122291185468429,0.8601324520428079,0.7394445429998054,False,True,0.017785392628083763,,,,,0,0
2025-10-20,0.6447526707311335,0.6627491903709206,0.45898781310078474,False,False,0.0007717610388053853,,,,,0,0
2025-10-21,0.47832996984107523,0.5570541685089907,0.5,False,True,0.0002606688016681957,,,,,0,0
2025-10-22,0.4516664059181381,0.5396992839781197,0.5,False,True,0.008069318723201713,,,,,0,0
2025-10-23,0.76417913823533,0.741641738866035,0.5299920896078809,False,True,0.025586720948332697,,,,,0,0
2025-10-24,0.4471385303665064,0.5367261300128928,0.5,False,True,0.015589311453598098,,,,,0,0
2025-10-27,0.2759412353128078,0.4146627292443657,0.4146627292443657,False,True,0.006730431216311228,,,,,0,0
2025-10-28,0.2949594582680988,0.4295342562599793,0.4295342562599793,False,True,-0.010101304145318957,,,,,0,0
2025-10-29,0.337907876957163,0.4616255365626492,0.4616255365626492,False,True,-0.00971367173887805,,,,,0,0
2025-10-30,0.6517395896395242,0.6672117775428352,0.45898781310078474,False,False,-0.00045342850456342454,,,,,0,0
2025-10-31,0.5319251592151161,0.5913406304484218,0.5,False,True,-0.014117200502204552,,,,,0,0
2025-11-03,0.5680873564913256,0.6142162111146149,0.45898781310078474,False,True,-0.011929937141773705,,,,,0,0
2025-11-04,0.6766948594792682,0.6832552199235127,0.45898781310078474,False,True,-0.008638031002248248,,,,,0,0
2025-11-05,0.8242600364759657,0.7852005457318779,0.5299920896078809,False,True,-0.0059781763228661244,,,,,0,0
2025-11-06,0.7519492148133742,0.733200004417017,0.5299920896078809,False,True,0.00705802360557839,,,,,0,0
2025-11-07,0.919959082279246,0.8678607185440171,0.7394445429998054,False,True,0.022481415213696954,,,,,0,0
2025-11-10,0.8891760861690718,0.8385123817430493,0.7394445429998054,False,True,0.008977615025692609,,,,,0,0
2025-11-11,0.6676687972469831,0.6774315485617466,0.45898781310078474,False,True,-0.011581819117722714,,,,,0,0
2025-11-12,0.3893084901614249,0.49789891202002984,0.49789891202002984,False,True,-0.018843817534022644,,,,,0,0
2025-11-13,0.5984298845118446,0.6333705638700929,0.45898781310078474,False,True,-0.02171213601863342,,,,,0,0
2025-11-14,0.9489173794496244,0.8998914377273549,0.7394445429998054,False,True,-0.007815318023325801,,,,,0,0
2025-11-17,0.9125545823578033,0.8604523696065463,0.7394445429998054,False,True,-0.01041581112662493,,,,,0,0
2025-11-18,0.9738361356074098,0.9340324793208031,0.9340324793208031,True,True,-0.014359632888922502,call,SIM-CALL-649-3D,0.3112435269933936,0.4934032479320803,1,1
2025-11-19,0.9847314912696798,0.9530108472035751,0.9530108472035751,True,True,-0.0024667816822543376,call,SIM-CALL-648-3D,1.0321612238930113,0.4953010847203575,1,1
2025-11-20,0.9002993060997347,0.8487040124875451,0.7394445429998054,False,True,-0.006129772864052807,,,,,0,0
2025-11-21,0.9991897126448547,0.9928868923404309,0.9663344807396101,True,True,0.03097507331378302,,,,,0,0
2025-11-24,0.9754091861195122,0.9365492954297858,0.9365492954297858,True,True,0.025647216835560593,,,,,0,0
2025-11-25,0.8275440265881382,0.7877080723093005,0.5299920896078809,False,True,0.022037764068050025,,,,,0,0
2025-11-26,0.7058975661619107,0.7023009429638832,0.5299920896078809,False,False,0.0038812027301236007,,,,,0,0
2025-11-28,0.51235980501683,0.578895676598176,0.5,False,False,0.000822465045235754,,,,,0,0
2025-12-01,0.4888135538356093,0.5638148598463485,0.5,False,False,0.00734357161271304,,,,,0,0
2025-12-02,0.5842807228462371,0.6244370938071675,0.45898781310078474,False,False,0.003923322871138835,,,,,0,0
2025-12-03,0.6561737736972305,0.6700498934801515,0.45898781310078474,False,True,0.007435053485365106,,,,,0,0
2025-12-04,0.5861211341651457,0.6255987304485495,0.45898781310078474,False,False,-0.002363928206624788,,,,,0,0
2025-12-05,0.5818314612500439,0.6228912379418401,0.45898781310078474,False,False,-0.0035741378304254834,,,,,0,0
2025-12-08,0.5982678222566341,0.6332681911970183,0.45898781310078474,False,False,0.0016461265040934592,,,,,0,0
2025-12-09,0.7164745741820444,0.7092913964140466,0.5299920896078809,False,False,0.008841914186587863,,,,,0,0
2025-12-10,0.7327265055995611,0.7201482032765594,0.5299920896078809,False,False,-0.0010622321526684297,,,,,0,0
2025-12-11,0.8188805173222358,0.7811264771290397,0.5299920896078809,False,False,-0.006458534022243612,,,,,0,0
2025-12-12,0.6936558533579629,0.6942751777476436,0.45898781310078474,False,True,-0.013550135501354865,,,,,0,0
2025-12-15,0.8621027138554477,0.8151917864211528,0.7394445429998054,False,True,-0.020875106635848684,,,,,0,0
2025-12-16,0.8646185559294424,0.817282962624141,0.7394445429998054,False,True,-0.003791839078767234,,,,,0,0
2025-12-17,0.8607133477933253,0.8140428674807894,0.7394445429998054,False,True,0.0011033143563263792,,,,,0,0
2025-12-18,0.9154099611926474,0.8632791833263066,0.7394445429998054,False,True,0.010507829218258768,,,,,0,0
2025-12-19,0.8763553955624729,0.8272332113372257,0.7394445429998054,False,True,0.016700905987200754,,,,,0,0
2025-12-22,0.7229482111106327,0.7135982302490741,0.5299920896078809,False,True,0.009277333040903724,,,,,0,0
2025-12-23,0.5962828012160214,0.6320143993632089,0.45898781310078474,False,True,0.009306984259279671,,,,,0,0
2025-12-24,0.5369498644156925,0.5945270562655761,0.5,False,False,7.99511571114575e-05,,,,,0,0
2025-12-26,0.41905123359954627,0.5180830117177091,0.5,False,False,-0.00524940084424852,,,,,0,0
2025-12-29,0.5202779974858552,0.5839401726534146,0.5,False,False,-0.008355573654854509,,,,,0,0
2025-12-30,0.704223923928443,0.7011997548792437,0.5299920896078809,False,True,-0.005964243632078814,,,,,0,0
2025-12-31,0.7220662248031867,0.7130101194410007,0.5299920896078809,False,True,0.0008513486964178973,,,,,0,0
2026-01-02,0.8658452134071497,0.818307680575869,0.7394445429998054,False,False,0.009190237925048361,,,,,0,0
2026-01-05,0.8364061864312868,0.7945570171216235,0.5299920896078809,False,True,0.004559292654149338,,,,,0,0
2026-01-06,0.7040571551384593,0.7010900986512998,0.5299920896078809,False,False,0.002209559251075799,,,,,0,0
2026-01-07,0.6869439966939221,0.6899014330666455,0.45898781310078474,False,False,0.002629354869001954,,,,,0,0
2026-01-08,0.6907743743588582,0.6923952961095642,0.45898781310078474,False,True,0.009277070826588352,,,,,0,0
2026-01-09,0.6363941457971586,0.6574241527597292,0.45898781310078474,False,False,0.004503330437301001,,,,,0,0
2026-01-12,0.6932458013250135,0.6940074540653947,0.45898781310078474,False,False,-8.687090982795187e-05,,,,,0,0
2026-01-13,0.5836060690255673,0.6240112776166353,0.45898781310078474,False,True,-0.004687679742321538,,,,,0,0
2026-01-14,0.7271706331305211,0.7164197985452375,0.5299920896078809,False,False,0.000984223476624857,,,,,0,0
2026-01-15,0.7244699778611533,0.7146139654356548,0.5299920896078809,False,True,-0.024388137057299253,,,,,0,0
2026-01-16,0.7199693871787515,0.7116136538212074,0.5299920896078809,False,True,-0.012022834736477805,,,,,0,0
2026-01-20,0.8256908651163428,0.7862911197815363,0.5299920896078809,False,True,0.010916774269280616,,,,,0,0
2026-01-21,0.9269061708331751,0.8750587148726972,0.7394445429998054,False,True,0.014499153602708592,,,,,0,0
2026-01-22,0.9198197655812836,0.8677189264233246,0.7394445429998054,False,False,0.004211060375443942,,,,,0,0
2026-01-23,0.6130080980746253,0.642587420853383,0.45898781310078474,False,True,0.010797849149832839,,,,,0,0
2026-01-26,0.6498581242984879,0.6660089779601307,0.45898781310078474,False,True,0.007103702470002915,,,,,0,0
2026-01-27,0.6090681839038629,0.6400946717132714,0.45898781310078474,False,True,-0.0002665130015125916,,,,,0,0
2026-01-28,0.5100191455887275,0.5774021602125727,0.5,False,True,-0.0074890247051735415,,,,,0,0
2026-01-29,0.5273497472122366,0.5884360241646676,0.5,False,True,-0.001371446624877093,,,,,0,0
2026-01-30,0.8916932174661468,0.8407833357934748,0.7394445429998054,False,True,-0.003476237280296113,,,,,0,0
2026-02-02,0.8402833042415327,0.7975931921331135,0.5299920896078809,False,True,-0.005104260317276177,,,,,0,0
2026-02-03,0.7667508188861097,0.7434319904110972,0.5299920896078809,False,True,-0.026981220151531482,,,,,0,0
2026-02-04,0.9361440579325612,0.8850612676074691,0.7394445429998054,False,True,0.0006229265960684405,,,,,0,0
2026-02-05,0.9586614215195195,0.9122207719538176,0.9122207719538176,True,True,0.01941890184788031,,,,,0,0
2026-02-06,0.9434012343026668,0.8933258806842708,0.7394445429998054,False,True,0.015665470661178293,,,,,0,0
2026-02-09,0.8638368858201666,0.8166317370509767,0.7394445429998054,False,True,0.0033939112651746317,,,,,0,0
2026-02-10,0.5918929727944838,0.6292423654112994,0.45898781310078474,False,True,-0.019743563914751405,,,,,0,0
2026-02-11,0.6002003122765495,0.6344890246445963,0.45898781310078474,False,True,-0.021286982991951753,,,,,0,0
2026-02-12,0.6730737860842592,0.6809157577089152,0.45898781310078474,False,True,-0.01652190196332637,,,,,0,0
2026-02-13,0.9607525774288503,0.9150111894714158,0.9150111894714158,True,True,0.006593857957004179,,,,,0,0
2026-02-17,0.9545989118814348,0.9069542655550181,0.9069542655550181,True,True,0.006402999338381177,,,,,0,0
2026-02-18,0.8634404299994427,0.8163019606270261,0.7394445429998054,False,False,0.008144822846447575,,,,,0,0
2026-02-19,0.8626834712947236,0.8156732769207121,0.7394445429998054,False,False,-0.002134971119397533,,,,,0,0
2026-02-20,0.8177762686746964,0.7802951821094898,0.5299920896078809,False,True,0.007534116060565976,,,,,0,0
2026-02-23,0.7638790375314793,0.7414331821015163,0.5299920896078809,False,True,0.007698402890354172,,,,,0,0
2026-02-24,0.9226090911604486,0.8705764409666551,0.7394445429998054,False,True,0.011445005282310294,,,,,0,0
2026-02-25,0.7832843140789063,0.7550800801914043,0.5299920896078809,False,True,-0.005766945837076598,,,,,0,0
2026-02-26,0.4676138985845618,0.5501088109362634,0.5,False,True,-0.009767428439519832,,,,,0,0
2026-02-27,0.8675749908755613,0.8197585155733637,0.7394445429998054,False,True,-0.003960497514623129,,,,,0,0
2026-03-02,0.9519957643169976,0.9036773197451017,0.9036773197451017,True,True,0.009429375451210253,,,,,0,0
2026-03-03,0.9641894536343343,0.9197282563876445,0.9197282563876445,True,True,0.009444024710012933,,,,,0,0
2026-03-04,0.9854547577490155,0.9544321337495555,0.9544321337495555,True,True,-0.013569217679590406,,,,,0,0
2026-03-05,0.9484695850912578,0.8993483331570181,0.7394445429998054,False,True,-0.005556451494670878,,,,,0,0
2026-03-06,0.9672073007083446,0.9240194092635906,0.9240194092635906,True,True,0.005524123490889599,,,,,0,0
2026-03-09,0.9771035974751185,0.9393315633159075,0.9393315633159075,True,True,0.014946426963594384,,,,,0,0
2026-03-10,0.9812287930979144,0.9464633195407731,0.9464633195407731,True,True,-0.017161492149687207,,,,,0,0
2026-03-11,0.9233939030665756,0.8713876585618214,0.7394445429998054,False,True,-0.022695077322630097,,,,,0,0
2026-03-12,0.9483501007070678,0.899203732886486,0.7394445429998054,False,True,-0.003196173532106994,,,,,0,0
2026-03-13,0.9759047327660915,0.9373550524642656,0.9373550524642656,True,True,0.002256290717829179,,,,,0,0
2026-03-16,0.9863552367256041,0.9562400168221734,0.9562400168221734,True,True,-0.010278122709115656,,,,,0,0
2026-03-17,0.9467596828625622,0.8972914258271892,0.7394445429998054,False,True,-0.01859825246328317,,,,,0,0
2026-03-18,0.8959354732318602,0.8446565244213815,0.7394445429998054,False,True,-0.029729931921897212,,,,,0,0
2026-03-19,0.991192737807696,0.9668715921736492,0.9663344807396101,True,True,-0.0019188888719674502,,,,,0,0
2026-03-20,0.9810613295310865,0.946162668572862,0.946162668572862,True,True,-0.005019078591611437,,,,,0,0
2026-03-23,0.9946434330685269,0.9758968238109177,0.9663344807396101,True,True,-0.00200589611889479,,,,,0,0
2026-03-24,0.9945259392170734,0.9755590780272524,0.9663344807396101,True,True,-0.00949646473564203,,,,,0,0
2026-03-25,0.9812887079123706,0.9465711371475228,0.9465711371475228,True,True,-0.03738622820401871,,,,,0,0
2026-03-26,0.9843524064296599,0.9522762230814292,0.9522762230814292,True,True,-0.030673905708413884,,,,,0,0
2026-03-27,0.9951218822120913,0.9773014168594721,0.9663344807396101,True,True,0.011899295692439305,,,,,0,0
2026-03-30,0.9976231783837631,0.9857150210065801,0.9663344807396101,True,True,0.023942737473822362,,,,,0,0
2026-03-31,0.9983751427272469,0.988830009368523,0.9663344807396101,True,True,0.026381073868572136,,,,,0,0
2026-04-01,0.990616498847372,0.9655058932143649,0.9655058932143649,True,True,0.0073461961839529355,,,,,0,0
2026-04-02,0.9753248239689346,0.9364127554031139,0.9364127554031139,True,True,0.01980894922071408,,,,,0,0
2026-04-06,0.9825412696633818,0.9488565791416129,0.9488565791416129,True,True,0.030644915383442717,,,,,0,0
2026-04-07,0.9259117534295944,0.8740124590085233,0.7394445429998054,False,True,0.03504605313237419,,,,,0,0
2026-04-08,0.8841961582606477,0.8340760110327413,0.7394445429998054,False,False,0.004361324659964527,,,,,0,0
2026-04-09,0.9001186159071453,0.8485350938806812,0.7394445429998054,False,True,0.016326409671397535,,,,,0,0
2026-04-10,0.8114228550642131,0.7755438651864489,0.5299920896078809,False,True,0.019161755748159814,,,,,0,0
2026-04-13,0.8030117144302025,0.769332466318038,0.5299920896078809,False,True,0.03271938368901073,,,,,0,0
2026-04-14,0.7617329430157888,0.7399438735315796,0.5299920896078809,False,True,0.020080846856278534,,,,,0,0
2026-04-15,0.5689332668584102,0.6147502388984964,0.45898781310078474,False,True,0.020919900504665634,,,,,0,0
2026-04-16,0.6775837789422895,0.6838301896860556,0.45898781310078474,False,True,0.011004528759405163,,,,,0,0
2026-04-17,0.5041269519558964,0.5736373831090925,0.5,False,False,-0.003327386514881292,,,,,0,0
2026-04-20,0.5542052446156199,0.6054475668494473,0.45898781310078474,False,False,0.0032869214383455247,,,,,0,0
2026-04-21,0.4589990414055577,0.544497168704106,0.5,False,True,-0.0024712566797856494,,,,,0,0
2026-04-22,0.772186511943005,0.7472344215690758,0.5299920896078809,False,False,0.006811066926135867,,,,,0,0
2026-04-23,0.5847384608365067,0.6247260047536498,0.45898781310078474,False,False,0.008169220576004,,,,,0,0
2026-04-24,0.7925463734197655,0.7617196982639578,0.5299920896078809,False,False,0.0013014329832361504,,,,,0,0
2026-04-27,0.6441957129590641,0.6623939232471405,0.45898781310078474,False,False,-0.0022294511904427106,,,,,0,0
2026-04-28,0.6313649370950557,0.6542264820182575,0.45898781310078474,False,True,0.009357218124341316,,,,,0,0
2026-04-29,0.6520085861777667,0.6673838125783004,0.45898781310078474,False,True,0.013375903682241397,,,,,0,0
2026-04-30,0.6601892706509986,0.6726243548349454,0.45898781310078474,False,True,0.004785425441112823,,,,,0,0
2026-05-01,0.7762429889184649,0.7500889662585508,0.5299920896078809,False,False,0.003417701335884482,,,,,0,0
2026-05-04,0.6424912515679976,0.6613071023423492,0.45898781310078474,False,True,0.019082538227573886,,,,,0,0
2026-05-05,0.6397758235387326,0.6595768822912823,0.45898781310078474,False,True,0.013466147601169265,,,,,0,0
2026-05-06,0.45244568441279615,0.5402101619120183,0.5,False,True,0.01302786190603733,,,,,0,0
2026-05-07,0.5712595845477182,0.6162187457722925,0.45898781310078474,False,False,0.005625352859951249,,,,,0,0
2026-05-08,0.5719840129900972,0.6166760184549533,0.45898781310078474,False,False,0.004374298445525504,,,,,0,0
2026-05-11,0.5325853645513681,0.5917594967572342,0.5,False,True,0.007847716287405548,,,,,0,0
2026-05-12,0.46802554233749366,0.5503763034779666,0.5,False,True,0.015240137337658055,,,,,0,0
2026-05-13,0.6364197231664108,0.6574404268879993,0.45898781310078474,False,True,0.0009344402161401977,,,,,0,0
2026-05-14,0.5821059879313151,0.6230645028083586,0.45898781310078474,False,True,-0.007066448823715321,,,,,0,0
2026-05-15,0.5496535697083078,0.6025697264564888,0.45898781310078474,False,True,-0.010891249258640268,,,,,0,0
2026-05-18,0.7661156510025441,0.742989313251414,0.5299920896078809,False,True,0.0020004595650351398,,,,,0,0
2026-05-19,0.8817774479206818,0.8319472065004536,0.7394445429998054,False,True,0.01077858980116786,,,,,0,0
2026-05-20,0.8655304902682561,0.818044444811737,0.7394445429998054,False,True,0.013710176254273732,,,,,0,0
2026-05-21,0.7732220918589477,0.7479617576904501,0.5299920896078809,False,True,0.01611243500866566,,,,,0,0
2026-05-22,0.6991738788289712,0.6978847331086596,0.45898781310078474,False,False,0.005923583097685592,,,,,0,0
2026-05-26,0.5239395121845574,0.5862690082069112,0.5,False,False,0.0060522035886634296,,,,,0,0
2026-05-27,0.49134951154481127,0.5654456224288537,0.5,False,False,0.00726476091545325,,,,,0,0
2026-05-28,0.49136001517054645,0.5654523732745523,0.5,False,True,0.01094331071804655,,,,,0,0
2026-05-29,0.4839769456660704,0.5606997501435669,0.5,False,False,0.004769370191767042,,,,,0,0
2026-06-01,0.5713784154746493,0.6162937549036847,0.45898781310078474,False,False,-0.0018264598443538116,,,,,0,0
2026-06-02,0.5619614314758151,0.610348045845291,0.45898781310078474,False,False,-0.0003169530249204078,,,,,0,0
2026-06-03,0.4267624018865957,0.5232380049311238,0.5,False,True,-0.0273674492218412,,,,,0,0
2026-06-04,0.7523105396862837,0.7334477784080555,0.5299920896078809,False,True,-0.017053160652075516,,,,,0,0
2026-06-05,0.7299923117527264,0.7183110632735067,0.5299920896078809,False,True,-0.02023155963790546,,,,,0,0
2026-06-08,0.9854286034574226,0.9543802734798515,0.9543802734798515,True,True,-0.023905293603282418,call,SIM-CALL-728-3D,49.92904295804995,0.5954380273479851,3,6
2026-06-09,0.8787951048556172,0.8293445974842242,0.7394445429998054,False,True,-0.007721176739618807,,,,,0,0
2026-06-10,0.995733273066566,0.9791725489557703,0.9663344807396101,True,True,0.011331406130686172,call,SIM-CALL-719-3D,50.08556330342932,0.596633448073961,3,8
2026-06-11,0.9851945308253144,0.9539177145147022,0.9539177145147022,True,True,0.03560647639956094,call,SIM-CALL-714-3D,48.74996060168188,0.5953917714514703,3,7
2026-06-12,0.9669154569120674,0.9235978336529871,0.9235978336529871,True,True,0.013284013284013296,call,SIM-CALL-726-3D,47.653828158362174,0.5923597833652987,2,6
2026-06-15,0.6756646328496171,0.6825891823553173,0.45898781310078474,False,True,-0.014338919925512061,,,,,0,0
2026-06-16,0.4208705671697285,0.5193019284325864,0.5,False,True,-0.010337287124776329,,,,,0,0
2026-06-17,0.4967167863259669,0.5688915315036859,0.5,False,True,-0.0093175556058408,,,,,0,0
2026-06-18,0.882397183213583,0.8324910947613317,0.7394445429998054,False,True,-0.01891637078493913,,,,,0,0
2026-06-22,0.6112500434556452,0.64147492433566,0.45898781310078474,False,True,-0.01916672239684336,,,,,0,0
2026-06-23,0.8565660587713207,0.8106376334639412,0.7394445429998054,False,False,-0.000551970398031898,,,,,0,0
2026-06-24,0.9310740221193541,0.8795060265720893,0.7394445429998054,False,True,-0.007281883762079833,,,,,0,0
2026-06-25,0.8629595655401424,0.8159024380047435,0.7394445429998054,False,True,0.002652591690350592,,,,,0,0
2026-06-26,0.9237134682370743,0.871718906336747,0.7394445429998054,False,True,0.024386897616189396,,,,,0,0
2026-06-29,0.9721576674066936,0.9314113182506414,0.9314113182506414,True,True,0.012292800803681558,call,SIM-CALL-722-3D,17.652804004622716,0.5,1,2
2026-06-30,0.7803183636897102,0.7529719907047676,0.5299920896078809,False,True,0.0048023742074734255,,,,,0,0
2026-07-01,0.5618837718353613,0.6102989971760815,0.45898781310078474,False,False,0.008463484861704895,,,,,0,0
2026-07-02,0.6137000194674588,0.6430253570829252,0.45898781310078474,False,False,0.0004749703979716191,,,,,0,0
2026-07-06,0.759948015745511,0.7387080147430086,0.5299920896078809,False,True,-0.003929325599422717,,,,,0,0
2026-07-07,0.4779860946952263,0.5568318602544334,0.5,False,True,0.0017861665400353832,,,,,0,0
2026-07-08,0.7178541610425545,0.7102073420424675,0.5299920896078809,False,True,0.015885404401623004,,,,,0,0
2026-07-09,0.7144509517520281,0.7079496460009286,0.5299920896078809,False,True,0.002462230191759618,,,,,0,0
2026-07-10,0.580915185557561,0.6223129432514803,0.45898781310078474,False,False,-0.00021273766786322756,,,,,0,0
2026-07-13,0.5506453898007572,0.6031969615333518,0.45898781310078474,False,False,0.0028566873056787845,,,,,0,0
2026-07-14,0.7491318721095533,0.7312712975685152,0.5299920896078809,False,False,-7.990092285559136e-05,,,,,0,0
2026-07-15,0.5937051792062484,0.6303866094435405,0.45898781310078474,False,True,-0.01451158473930203,,,,,0,0
2026-07-16,0.6797496401216944,0.6852322399958252,0.45898781310078474,False,True,-0.014147183846971223,,,,,0,0
2026-07-17,0.8920901942976369,0.8411433035129711,0.7394445429998054,False,False,0.008064190145115058,,,,,0,0
2026-07-20,0.8932245789895967,0.8421747106761295,0.7394445429998054,False,False,0.0006023773827372736,,,,,0,0
2026-07-21,0.8707730997928316,0.8224592942354875,0.7394445429998054,False,True,-0.011054387586927672,,,,,0,0
2026-07-22,0.7088795431852315,0.7042662190044736,0.5299920896078809,False,True,-0.010909577672177151,,,,,0,0
2026-07-23,0.8101339534103649,0.7745863676393155,0.5299920896078809,False,False,-0.0005951656318899934,,,,,0,0
2026-07-24,0.931525853527694,0.8799944193251193,0.7394445429998054,False,False,0.0031008591681842557,,,,,0,0
2026-07-27,0.8401153828483737,0.7974611683180899,0.5299920896078809,False,True,-0.020579943616592766,,,,,0,0
2026-07-28,0.8975880588651315,0.8461815411150796,0.7394445429998054,False,True,0.0033348440469991303,,,,,0,0
2026-07-29,0.8801725936636609,0.830543690790428,0.7394445429998054,False,True,0.009284787544599382,,,,,0,0
2026-07-30,0.9819690819585251,0.9478049759039352,0.9478049759039352,True,True,0.029475900954451406,,,,,0,0
2026-07-31,0.8293019020538969,0.7890569180095681,0.5299920896078809,False,True,0.03548480229895867,,,,,0,0
2026-08-03,0.8258125891792115,0.7863840357921422,0.5299920896078809,False,True,0.027085084524143044,,,,,0,0
2026-08-04,0.6448144134017235,0.6627885782901718,0.45898781310078474,False,True,0.01053074425147571,,,,,0,0
2026-08-05,0.5740508844378189,0.6179806061703631,0.45898781310078474,False,True,-0.003544225490069719,,,,,0,0
2026-08-06,0.5567407870594459,0.6070499929370572,0.45898781310078474,False,False,0.003700481711829795,,,,,0,0
2026-08-07,0.506588297986215,0.5752109585564255,0.5,False,False,-0.000622568093385234,,,,,0,0
2026-08-10,0.48055959295913236,0.5584947035075354,0.5,False,False,-0.00029763060160203914,,,,,0,0
2026-08-11,0.4959750679313,0.5684157679822321,0.5,False,False,0.0042930091734827425,,,,,0,0
2026-08-12,0.6992723645864528,0.697949274476189,0.45898781310078474,False,False,0.0020265124624061492,,,,,0,0
2026-08-13,0.5732244437965713,0.6174589750845231,0.45898781310078474,False,False,-0.0027106567534077586,,,,,0,0
2026-08-14,0.5530854423996163,0.6047397167131924,0.45898781310078474,False,True,-0.014309477781131785,,,,,0,0
2026-08-17,0.5980572324528178,0.6331351665835689,0.45898781310078474,False,True,-0.009236595985881002,,,,,0,0
2026-08-18,0.7991900258676219,0.7665381824891596,0.5299920896078809,False,False,-0.008051404118052496,,,,,0,0
2026-08-19,0.7734310103528891,0.7481086064075132,0.5299920896078809,False,True,-0.006127005555844112,,,,,0,0
2026-08-20,0.7978583153967299,0.7655684087788617,0.5299920896078809,False,False,-0.0032703844170425267,,,,,0,0
2026-08-21,0.8822820813407978,0.832389998875438,0.7394445429998054,False,False,-0.0002611000143605269,,,,,0,0
2026-08-24,0.8095730571267334,0.7741703451592107,0.5299920896078809,False,False,0.001556064073226615,,,,,0,0
2026-08-25,0.6971481128572596,0.6965581031297211,0.45898781310078474,False,False,0.0065258816466104985,,,,,0,0
2026-08-26,0.6752628384627517,0.6823295196149437,0.45898781310078474,False,True,0.005949812352071815,,,,,0,0
2026-08-27,0.6467418391135868,0.6640185683276484,0.45898781310078474,False,False,-0.0021015374405486398,,,,,0,0
